geno,PC1,PC2,PC3,PC4,PC5,PC6,PC7,PC8,PC9,PC10,PC11,PC12
g001,1.3249567837897467,-0.7732559030151247,-1.2528341565494314,-0.7283005557007818,1.439102187818691,-0.11306489663112732,0.0449635856595522,0.4316749651647808,-0.0059433902913107635,-0.7693512366161035,0.6082460903194963,-0.049537142425232106
g002,1.1014469359563155,-0.7832984088563048,-0.8354070535261379,-0.7724027410335689,1.6491316701500442,-0.17312150153418965,-0.2424209556111122,0.5875277284415902,-0.3864825325989523,-0.17246832629959996,0.7176717127265446,0.013522899284116624
g003,2.3589984681398866,-1.3552395591565887,0.02945487859647466,0.2924451965390695,-0.8848431083907369,0.18177755139610807,0.3890969074280245,-0.08119032845303659,0.6990760066115073,0.24810085135010024,1.114252113917035,-0.21784338965619365
g004,-1.6048959770349458,-0.1289463748029764,-0.6365509393212122,1.8580215938816833,-0.24659097769728444,-0.9820406979640537,0.3183448274455562,-0.7369225892705105,0.4096870635730794,-0.6951267283487736,-0.8782276152375713,0.078651223877917
g005,-0.9348989467347221,0.9734431130737284,0.457576920208966,0.14983916609771006,1.7593743785015366,0.2929323878616472,0.3708913278172828,-0.3298232207836239,-1.1364575732686883,-0.6794892082044379,0.4961974454602699,0.46125785949433445
g006,-1.6430125148530028,0.8927750820922113,-0.31793213909044316,3.1777291627702615,-0.3551846548890873,0.9491219357869163,-0.5810624865773713,0.013181777798124683,-0.4796366146924581,-0.49617327076914464,0.31035301618564026,0.34089940373703675
g007,2.3005995583990155,-1.5662260874698588,2.161031495896759,-1.5195523638700763,-0.2501190754197039,-0.8767859190056051,0.3418184423789828,-1.1820943673677191,-1.3899285761335718,-0.7656211114966318,-0.2348452732047547,-0.346921379368468
g008,-0.011052042140345941,3.7119271402683847,1.7579080107989657,1.8289246746139876,-1.5335368996986376,1.2162344830271414,0.801609012468059,1.7572906000242472,-0.48702861992049523,-2.059042929427237,-0.9605349710607944,0.2399666170894288
g009,-0.30979676602638134,0.276360521790254,0.09167172160440178,2.5902286956299,1.0010207967659963,-0.2032113829181897,1.5997935530595069,-1.0967475060577467,-0.0823378793404517,1.5251151804601328,0.6776739541453854,0.0649606382499273
g010,-0.39952825855480123,1.3724664382840988,0.8351562054441444,-0.3722589257448696,-0.8351422527752591,-0.4467956026550255,0.10035465372147112,-0.450584629955769,0.06071717650507048,-1.7372057087543837,0.15987234447727516,-0.26749915381866796
g011,0.22458533502570832,0.5078380614953005,-0.4214953457974082,-0.6291038502137044,-0.139503873554285,0.5388687528098834,-1.3243369373590166,-0.443702361228299,-0.6345459484481127,-1.7742093517048556,-0.8302617624397096,-0.2544970910971227
g012,-1.067909933765538,1.1131227851758383,0.295906088839829,-1.1496591309082709,-0.5090603133712306,-0.8647433560963879,-0.793773118906881,-0.9332833077603139,0.21152156483498769,-1.150873479147449,-0.07303308044358701,0.2321161037604276
g013,-2.3465159411358103,0.6533608780026596,-1.2461898684875705,-0.912302611497557,-1.2315269353641365,-0.788250080768358,1.6803203719108308,-0.5060983702339749,-0.8369885722737439,0.21846410414417305,0.28287599026991433,-0.4007152860412814
g014,0.2002508304731898,1.5760738344871443,-0.5226350013157135,-0.7810260384153846,0.7616211968582363,1.5465591823896199,-1.0474669776123355,0.5046234021878666,-1.0021799135722693,0.477106052847024,0.4494116093458081,-0.4421827656384872
g015,0.19180863790909722,-1.017527943097237,0.7531638731271837,1.7683097703063968,0.7119936406080616,-0.23049381888821313,-0.12381792268420039,0.4036714347012356,0.29724044397245736,0.08688856196060354,0.010928528758918261,0.1818503216640262
g016,3.752708969983603,1.181279878877514,0.7075172100755182,0.13948098352921712,1.2975068608109401,-1.0243052282704945,0.6370965394231567,0.7521120616402988,-0.15646792531367174,-1.0389984298563149,-0.49069822568702304,-0.41313556150251063
g017,0.7030087153916731,-1.2874627404529033,-1.608900722257529,-1.9668062909662622,-0.17730875552162023,0.202256392089736,0.39507322954636653,0.7656320432170948,0.9356537534788737,1.1583894666385275,-1.5981970321310135,0.0883462256815741
g018,-1.588478907699995,-0.5974826461168072,1.5310996408492812,-0.30893805050653933,0.04875356101732409,-1.3567130895264543,-0.08671312416288096,0.8414468791951608,-0.801831054092861,-0.5738943378254939,1.4548992904805709,0.05764029391220493
g019,0.6781851072068656,-0.31570455700143596,-0.07421867110913258,-0.6724730571612914,-0.03865485977115761,0.6431506195516732,-1.0994058740020338,-0.6649459097722228,-1.5409093637133957,-0.06062358258051993,0.005909758441426674,-0.09231838237553028
g020,-0.7751698692894242,-0.8871026255831033,0.2237725572188852,2.335956766660076,1.7234507995732726,1.5214098173003783,0.20673739729164872,-0.7544901012919523,-0.8560434429884126,0.09140590453609942,0.26580427276007,-0.05442904554827371
g021,-1.8756039737942947,-1.5135008798390215,0.3193522459354785,0.6121318300262801,-2.1012446254923365,1.2029657285919466,-0.4282501809391681,1.1710482039030354,0.27977023259399425,1.0577318273995333,0.639003732169955,-0.6006821042110435
g022,0.3641776242002936,1.268351356992569,-1.0679751746453439,-1.4398925400608438,-0.24034476952495584,0.7056659089274224,0.9552962529383052,-0.10501205416447693,-1.0702162513347084,-0.08777029541824259,1.091241595556226,-0.525508350980468
g023,1.8698312371442984,-2.5623839715927565,1.2277148913009621,-1.0002142294618193,-0.5085760834506937,0.9369503584146979,0.8211150067505097,0.032301135888282775,0.2207920618814823,-0.12982603380052526,0.5082180004211985,-0.1125906214600898
g024,1.7630861157937543,-0.86816591264253,1.0992354144823642,-0.9988190088924453,0.8888275271874864,-0.3012471508553856,1.495704897484905,-1.122547573003452,1.3347478644019104,-0.62203178189122,0.43376897244919843,0.28030792102336166
g025,-3.389569613663512,-0.9596271545743688,-0.3391067413273927,-1.232350303356804,-0.8987562479706666,-0.3877988366104616,0.5483644490459838,-0.2581597360906029,-0.37675915989069514,-0.5281021476563265,-0.5882040334249053,-0.09892154634096231
g026,2.4729186404540795,-0.14374360450979964,1.5391267876263628,1.3673824993664265,-1.373033964411288,-0.8368234915164584,-1.1342104743845371,-0.9315918841633757,0.027347455691821024,0.5078733483743758,0.15635149974018758,-0.4430440289175444
g027,0.5649873756418053,-0.9954320829235221,-1.1353858217987536,0.28926218733624653,1.3920521903393452,-0.9970529454109813,0.3945761504237213,1.0143012790634107,0.1510991928951179,-0.6308768842141922,0.6831176415795268,-0.2172662247859315
g028,2.9638924811090877,1.900866959981398,-0.08684274998843555,-1.4882010748574872,0.2415430446809953,-0.3436484190713779,-0.04154275631561688,-1.09437771909698,-0.21541716079558262,-0.4066990071493553,-1.7408127663689656,0.5911017461260741
g029,-1.6089532140659768,1.1943586394300363,-0.09583432722135773,3.7643994050337426,0.7821264769955835,-0.04597786053447306,-0.4980938815609783,-0.15668823438506232,-0.6909923118043861,-0.7002993799196655,0.43896228571587337,-0.4564810166214557
g030,-0.5837748069832668,-1.0806482331143519,-0.6395744009130401,-1.0569221119038457,0.6791481729419443,1.2550371770002497,-1.6738919917657502,0.266620574869977,0.013961133332482188,0.23455309879658537,-0.8579105269913614,-0.5451836167053102
g031,0.7902798614997082,-0.4573543105966094,-1.3645503266654255,-0.15950441231523269,1.6417050601979704,2.00837693023473,0.23391717758810976,0.9103800246885132,0.16593217079258107,0.3006559140032954,-0.19380041351337257,0.35118223324159914
g032,0.7162727362719471,-1.0983381263041958,-0.9995029029012897,0.36950565329850676,1.6312149694702485,-0.20045836049622828,-0.21266974055343854,0.9520785731872518,-0.06818583986978016,-0.647821184755036,0.4011497127996307,-0.08537797592671813
g033,0.6227325121365,-0.632471170383278,-0.594301777279486,0.9282908992501531,-0.018410404952277783,-0.2041278777068345,-0.6703164076583831,0.03152776933204959,1.358800262569838,0.5568665230878033,-0.42810090175350213,-0.062152339965675665
g034,0.1101233430193932,-1.7486872344307511,-0.02768591980164679,0.6612915502548755,1.5001599656388263,0.03889103270259008,-0.4844265206702116,-0.9182260111181668,0.0413047476293083,-0.2970377702794935,-0.4683307703505639,-0.2947113174349504
g035,-2.0210701728905134,1.4433297070796125,0.9129376824785503,0.9230512948750016,0.25389413207683964,0.18924309805837952,-0.13656032987694175,0.984318034738399,0.1207762737356893,-1.2193016267889567,-0.48506779519341436,-0.5217465522164234
g036,-2.0745995040827334,1.9821558383156246,1.0206742592634126,1.9438161603307407,0.6546900355932639,0.26834764675256273,0.18794464703094824,1.2763859133209636,-0.2543839366169859,0.03844082929980569,-0.8377380277305146,-0.347785043406507
g037,2.13678567779623,-1.2487498498031757,-0.8923287047641223,1.2230217691401792,-1.7212749362581992,0.3626560569040141,0.5221445410025759,0.42224007069002917,0.23656461629542924,-0.5467130073103352,-0.9602501513495086,-0.33150599089164523
g038,-0.4257656865179708,2.3292109597492336,0.4997520395266105,-1.0990964709465756,0.06897790325008064,0.07868048100400274,-0.6249922649622057,-0.1842277615464252,0.26713244849055157,0.9253929132409626,0.12769476199130972,-0.1623578651278762
g039,-1.2051266752926126,-0.6595966717403892,1.2732760228874835,-1.1961782890126107,-0.4369612251757229,0.8493176417919774,0.8304625435053677,1.275084332476671,1.200734618884948,0.41768472653473676,-0.5812949059825572,0.06267427131602596
g040,-1.1990720828022996,0.08732031857491945,-0.3979129260499986,0.16103589975783184,1.769965470876377,-0.4356459046493955,0.3639841672965747,-0.6896787367497259,-0.01934632238549655,-0.1264854991572612,-0.1349155024207236,0.5770217005930587
g041,-0.9876909308008284,2.692774600964194,1.1090353133680049,-0.9433336511195106,0.2050296214224815,0.5240799811248393,-0.5849355164321492,-0.8658196600685464,0.37090844864254924,0.9034226635880538,0.14325205034725969,-0.21175077783725416
g042,-0.4257656865179708,2.3292109597492336,0.4997520395266105,-1.0990964709465756,0.06897790325008064,0.07868048100400274,-0.6249922649622057,-0.1842277615464252,0.26713244849055157,0.9253929132409626,0.12769476199130972,-0.1623578651278762
g043,0.029804819429466098,2.7066188205484063,0.6945237714465876,-0.31045654007334617,-0.39453734411254326,0.5697701164643145,-0.49996346530357316,-0.3652871476087376,0.42150973411678816,0.4213062627956703,0.6059103986342556,-0.31481751768483435
g044,-2.844027611750036,0.2436344001415947,0.15778430989256767,-0.1675228437147489,-0.4883937655372378,-1.4313532923851924,1.6534858579931209,-2.72805426003924,-1.0402638123801264,-1.0095570939424068,-0.5034247884905109,0.42047268459615006
g045,-0.07302298618594005,2.066235104496334,0.6958871436791315,-0.7131370816408585,-0.6457905228387125,0.3247257142906392,-0.5890880123566425,-0.8159536354305501,0.5840714026074391,-0.30838590939383104,0.4484093322268155,0.05194708190215085
g046,0.2484470382487002,-0.9048764556927482,0.49293638797292466,-0.2900370708598057,-0.43885125319566964,0.7277023212070889,-0.13252204345456928,-0.26287735347273394,-1.3915042608160437,-0.6332868796502376,0.0293345065628334,0.27650028309756625
g047,-0.2991314903257226,-0.09621314747199122,1.971947573334164,-1.3619183917132984,-0.257406312274131,0.5783407009522739,-0.14447134204663092,1.7504661122935223,0.18995284592317452,-0.13201259514649222,-0.3094398013227136,-0.17050767865675728
g048,0.8801882733874759,1.4513679885200352,-0.032344131641751935,-3.242338339774981,0.003121122994036489,-1.0877986456611504,0.08189178539732196,0.44086726969293233,0.833679412861818,-1.0437431942613298,-0.47211439722057413,0.298180510170156
g049,0.12937389919761458,-0.5650442949599861,-1.0079347706871022,0.04335731760183559,0.5221675274432016,-0.3187738008998833,0.30411217732421525,1.3230262732259794,0.5169365721469421,-0.6160533470805563,0.2050959184868497,-0.17321825682981623
g050,-0.5593632328451321,0.47636859056358244,-0.26888915797781265,-1.1682754045051618,1.1802502034577418,-0.7837073474622372,0.5611307608510042,1.5769939216823994,1.4595815362925606,0.5115058048980035,-0.6688446368294125,0.08316673401398288
g051,-3.2393658707592468,0.052263703423755636,-0.03559316316012248,-0.24851816623617207,0.9982536511774267,-2.0121018684451353,-0.022175240860568768,0.45603592201367105,-0.8699247790675908,1.108158967235199,-0.03783946510466907,-0.11340988847148122
g052,0.7165826729336562,-2.246935591634559,1.1939856037306638,-1.735344426996585,0.48378339352901023,-1.0781426017640205,0.21642320616592142,-0.1165085162505255,-1.122197114581573,-0.3386222183051392,0.035430702497323496,-0.24629264763489733
g053,1.11351970673176,-0.08342327928759771,-1.6406772743386295,0.43861662909057725,-1.4255250042572711,0.8144319047655,0.2554214264566153,-1.017424743771191,0.11942818502346532,0.4995127635750266,0.9204041406510506,0.3785530720660739
g054,0.4876554411672115,0.25069995216033325,-1.5913596146312827,0.2871921665434586,-1.442629214810915,-0.9180191830792414,-1.1934164001731624,-0.2630128053881141,1.06787830459204,-0.24583875053475499,0.48201968517044425,0.45131470282010167
g055,1.1457546220619226,0.7933694056822284,3.0663210693376755,0.5318796687171468,-2.078581302326696,-2.0241696571579433,0.3794342686414792,0.7793645385347019,-1.759986574710596,2.562741573625544,-0.15831973876504185,0.3470992222094098
g056,-1.3225733160146294,0.49330404454753485,0.533901692166808,0.3613855365616593,-0.7642703487028729,0.5699992841608951,-0.998802062197854,0.2885852810076075,-1.429688583134357,-0.5714629675328953,-0.8150618163683832,0.8511216382762535
g057,-0.09784583807177073,2.2834803437477778,-1.0302183651922427,-1.1532221983231155,0.20958985221608906,-1.0416180612467705,0.008719375248228058,0.2353541776177988,-0.8661532778198346,0.489393228600832,0.26356267126263394,-0.36422982823461403
g058,-2.385782437472373,-1.8929864355702184,-0.2500538735876831,-1.8295334162989318,1.60998353472636,0.6389386887798253,-0.04193706437678063,0.5323609388674719,-0.5609855057052555,1.111359909029726,-1.1230659858983243,0.03190264701645337
g059,-2.4472032033506483,-0.3081436498282024,-2.1909800673459685,-0.9588414666150562,0.11080032631723036,2.0503930566952153,2.09505913467997,-0.6057464016242013,-1.478814913287668,-0.6051107487513981,-1.4207125823276898,-0.13500257878241143
g060,-3.223496161086808,-0.33376141761004385,-0.29171046668549216,-0.5630170295740627,0.5052478915144311,-0.9949372087377503,0.3430930066691428,-0.8708018360952716,0.9124685134196486,0.7224281329867882,-0.8152797485120645,0.2661593092154215
g061,3.6773366716113496,-1.9757041709420866,1.148431225025318,-0.8387853004671174,0.5727810418300163,0.23430510838844792,0.35013963217545385,-0.39508418611276386,-0.09994993023451632,-0.09381130600919801,-0.6063416930694189,-0.38173017591605213
g062,3.60019436708159,-1.8381754893409386,1.0266046034550798,-0.6411832887840597,0.26365033070096694,0.3290292004939942,0.06241515489520413,-0.04275193907974501,0.13255361736653598,-0.18449531446979642,-1.3430711620658753,-0.07482943842425967
g063,2.5313045258171574,-2.798917075251403,0.11144827099862126,-0.8674375816963981,-0.2012434637292441,0.2398919866428933,-0.30058415330969884,0.08360517813503432,-0.6690852984374538,1.274615778954236,-0.5825877492263317,0.5102710299062769
g064,1.8279539463555219,-1.6389875508835978,0.9128392247943535,-1.6915644599710677,-0.07879677959941844,-0.13900959825290243,0.19461594116252176,-0.24378639230844196,0.5546795856347577,0.22056593305115446,0.27971185911874813,-0.8343549731508485
g065,0.34533856310719885,1.3044800373437686,-0.9208003939632383,0.8853899923956243,0.6276757850615865,-0.271787943552028,0.49276894697523743,1.233258975185239,-0.7203014112513574,0.21487755759326221,1.1302623876857125,0.024673849015059368
g066,-0.05969652905904987,1.1009769233631512,1.5327453351205678,0.20914437319836968,-1.577281220560918,-0.767367775771792,0.7469156829849968,0.8068411861130408,0.30365182468939433,1.423352967193268,-0.45150801263212725,0.4284599416685145
g067,1.5520302572413476,-2.8081572975471394,1.0678104639120438,-1.8944751432899163,0.5122360568301845,0.09723574786536066,1.4420996932802541,-0.34426186261264324,-0.6268720403425391,0.060169874007328567,0.07145368316298073,0.6162953529263141
g068,-1.3436578390525749,0.6244885866624912,-0.11631443093597887,-1.3562141477093448,-1.0915791160167956,-0.7819484901996655,-0.8240333233161907,-0.7766564853798728,0.6590393515742259,-1.4671649711751713,-0.03584490931945211,0.724377927670617
g069,-0.7599423432988178,2.43078584655695,0.5002721323139443,-1.26871756118261,-0.059332647756399015,0.32733580903043447,-0.6698598098384729,0.49929312228617545,-0.02029357625364603,0.424764845153642,0.31157952687723456,-0.05165266061282805
g070,-0.9589403261235185,-1.12453153818432,1.7737310635019539,0.7354958405645262,-0.4819615103062502,-0.6833549305650692,0.03422598835037355,0.1959217243726966,-1.8208579476851843,-0.6055871338861112,1.5388554951188294,0.4629129579833343
g071,2.157262750266678,-0.03993141993459748,1.2030432358466372,-1.1027460356756285,0.939227199311588,0.16574319266566387,0.6204852734586073,-0.7665873937138368,-0.6137980929833414,-0.07560899191079755,0.8807304937877823,0.4490436962711833
g072,2.2784062310194244,0.39980403181633656,-0.18063430159196245,-0.45224627682813934,-0.3076930736149622,1.0974105627923205,2.993311828603482,1.1444626385407177,1.1694157926522515,0.5938280441955059,0.897006667590991,0.04170516512954876
g073,-1.2893580672452127,-0.23270543573116367,0.9458451417160557,0.5404890913352957,0.5467226465011711,0.4379205170786779,-0.7351202834477437,0.38955187153588844,1.261932420216802,0.19990960129261737,0.08300455853650658,0.8781684110058591
g074,0.3646065593545863,1.007622398166286,-1.2666545814579793,0.019146345625995098,-1.522140347510898,-0.9616350270589015,1.6644149912372144,-0.5274224140833665,0.19418627305615843,-1.0832909293226738,-0.09603609041331558,-0.250541591133829
g075,0.053119028905433935,0.8274831523244635,-1.5551671393889817,0.1009070580538858,-2.002386621091992,-2.2824926181472565,1.6727891054147683,0.1603396670554392,-0.31133578260788725,-1.1641155539734105,0.5386531628731073,-0.22079261581608822
g076,-0.25170262190820514,0.8125668466418297,-2.340575468804578,-0.4794244028291754,-1.7484413936517578,-1.6497271521952668,1.529804935816981,0.44680750279738457,0.1413177467842276,-0.7581504881957017,0.3145578920416879,-0.39895185883651196
g077,0.9606903676197759,0.2711888051379025,-2.2096018764978838,-0.8374701463927992,-0.9864146792246018,-0.5026331216111443,-1.9223157084624651,-0.5626771797436732,-0.5153775395925095,-0.4417135191247626,-0.5524427202882892,-0.0915074129021659
g078,1.1627204550328836,-0.5808651949804973,-2.111224568165844,-0.09788886146889714,-1.3080626983723649,-0.4881099081945271,0.09888109766603582,-0.05309776218382896,0.403039888758377,0.63817782924367,-0.021148560910208503,0.6322973871955931
g079,-1.1530220310264783,-1.402241019019956,1.8230377700816363,-1.9197323091749643,-1.3712675695048688,1.505775655963022,0.7348822966017896,0.5573041407006537,0.2220832101090996,0.08474914205539924,0.21902616130733132,0.3662907144298495
g080,-0.339935952339976,-0.6822721653132213,1.9603204436777082,-1.2136388610476794,-0.8407992585504774,1.2782760844053835,0.43902812916153977,0.6887590655915075,0.9621187761657646,-0.1418178106915152,-0.25167565830160443,0.5091844131475596
g081,-0.29683626527336243,-0.18781023408266276,0.6616849054524557,-0.5628853350065979,-1.745512522290164,2.2427982227784287,1.3671189022210124,-0.12413479732514227,1.0310972563794871,-0.539490067099159,0.40911192335386665,0.17010569235678483
g082,0.37172592986989006,-0.8022252970760368,1.320156683592623,0.5821058008801718,-0.6044960379712677,1.8841879144910394,1.4732899358808018,0.7685130334681599,-0.5953954491728739,0.7282247442920103,0.9612896576629213,0.6862451012491185
g083,-0.6814838464267502,0.9593747147948528,1.6504191669219508,0.15723313585052406,0.8218764135296169,-1.1711719843136812,-0.22516737233100237,0.051315136723369764,1.1023754996439692,1.444547801139736,-1.2286051238190532,-0.25469406379269177
g084,-0.7380175312467682,-0.05040415241896362,0.6738519930982252,1.4937657806560662,-0.12268018437275557,1.0200454390133875,-0.5777727207376938,-0.4757384743157578,-0.9519187179598335,-1.2992205327357647,0.10033846024837445,0.6571741720404676
g085,1.449167214568196,-0.42556959329720645,2.383149021469959,1.8124112384957791,-0.5478434976204314,-0.5620820449970466,-0.303627713117983,-0.21030253489809997,-0.6436346389116308,0.4790247776615335,0.9281031318428994,-0.18932280344706634
g086,1.3786261253841299,1.0594292372883694,-1.616899375971639,1.6463932137852197,-0.4088283142593619,-0.3684264424667315,-0.6239892270400421,-0.23157426411181717,0.3094694293795434,0.9806858902391714,-0.7788461322543262,0.6752966585035003
g087,1.7464906079298284,1.0134150320289657,0.3948015642287869,1.4970661223186454,-0.4405916616975608,-0.6732574363809551,-1.1461072151132412,-0.7439490976854998,0.2651284437450903,0.5209892963700807,0.6266575228117605,0.318585710430293
g088,1.5364609873034323,1.1025745778810296,-1.405172412558083,0.9177713756451231,-0.5859110253063872,0.05098605926850083,-0.5124599787994496,0.36900360517404646,0.5315907122879371,-0.2183140799122441,-0.19176437375088534,0.0714911195062268
g089,0.2465990805438154,-1.4218540972879183,-1.0268751899442663,0.5483399711250748,0.5326031388933853,-0.38375527309443147,0.24643333888651875,0.8243784177935475,0.6855328226287762,0.06981680695170195,-0.07730179900849132,-0.2694267094609978
g090,1.208877512758843,1.6199392282503413,-2.7944958818266756,0.8525572291183724,-0.6242899554910046,-0.2963578692026222,0.3145257184642972,-0.6192606519161263,-0.3449125801338999,0.05087150902828158,-0.7937907266666815,-0.026147374716742278
g091,-0.49676905086660256,0.08270800724962624,-3.3776359199661883,1.1838840822813574,-0.03258260520380141,-0.28025131375762397,-1.3237945413462173,0.510206217034311,-0.21230242768174673,0.1637389246825008,-0.7807747491335043,0.03349614283496049
g092,2.701646297263783,1.1282462248945757,-2.298241643729063,-0.09370081758362336,-2.133108331431982,1.3041897258670552,-1.0400505359207837,-0.18405358234350522,0.498925174485662,0.7084344034605284,-0.5075772490151634,0.0157289724480979
g093,1.375276349210241,-0.029137606544170302,-0.590128233868049,0.020014990609690364,-1.2477010762984004,0.7176327219049107,-0.49013988338638625,-0.3455483599988022,-0.2265364422185506,-1.4070019180603681,0.9241307221411811,-0.4592662330821184
g094,2.082927445789438,1.3911296951534324,-1.8817081811303822,0.7016684702858111,0.8155104872272334,0.0464693112461258,-1.366239153783159,0.27617954065368316,0.027347230126474553,-0.1665339542669501,-0.20002230060651027,0.768456945604656
g095,1.4265877123039132,-0.2406806884719479,-2.4609857785501674,0.379769139728625,-1.0891449600846466,-0.5789177588875449,-0.7360109534700885,-0.5912082217240736,-0.46165380506391346,0.6996673829229536,0.182022260769881,0.38484115554528153
g096,0.7028447845025918,0.7752256426988098,-1.0724954048203694,1.975797907286898,-0.5321304295396836,-0.40995973621002924,-1.4593554689905286,-0.4810904465636747,-0.28260474888186676,0.4303328191437811,0.35252674098291764,0.786715947328728
g097,-0.6387601576305334,-1.3942443335074146,2.119497375126564,0.5421502199076973,-0.8997666202225678,-0.12462397419953453,0.5125439677543706,-1.4420063070601714,0.21349311319339714,-0.31156283374730787,0.5671099923697741,0.3066344073894254
g098,0.5675662889778152,-1.2398044146414595,-1.4410480113259068,-0.40641171726537106,1.1997833307468238,0.061571385555454744,-1.8231681512899451,-1.3102519416596652,-0.8165318828314421,0.9372503176120274,0.31097436762969244,-0.243315465885742
g099,0.5953881404499002,-1.6588067998174902,0.49417020935169564,-0.5068031664569768,-1.3830935544085554,-0.20364881043138927,-0.769569400358588,0.5433764734632929,1.06667909053638,0.6162577072089442,-0.3181994763253224,-0.7747321960766738
g100,0.4152096108208859,-1.0673938848417062,-1.1901779466561668,0.26003200490322764,1.2849322068668827,-0.9981614090813027,0.48215769611501064,0.9271659686841951,0.10898549572093538,-0.5857337760449091,0.7715397574411762,-0.338553322071771
g101,-2.331218789725459,0.5252190486122061,-1.481377237967108,-0.6519799644420006,0.10694188380785874,-0.019953156787534482,-0.26004816198461167,0.497637089808387,0.871830643768173,-1.0540473319453194,0.4864351242592509,-0.5658429276024975
g102,-2.8555148687735628,0.40750321764741504,-1.7227537418444225,-0.9865101819173192,-1.5856540953306884,-0.18637127868131925,1.5196976018868085,-0.7806091502924964,-0.6805004594217535,0.11003877089800637,0.6746744696475604,-0.23636316990227219
g103,-0.2923762690483104,0.749724309054836,0.9391751463935986,0.11594656066763807,-0.9500858263380616,1.7734538637555584,-0.5858745284463482,-1.7388380244668398,0.4864734641682816,-0.30743945212934565,-0.1451519613611573,-0.1983829925642947
g104,0.39344395009452715,0.6357718371318972,-0.6431641260006771,0.3418838293094614,0.05548341071223422,-0.6284750472320892,0.6246347241047812,0.49109100869928823,-0.9494786706022449,0.5392730088323148,0.8020345855859813,0.0906427849727678
g105,-3.142829801090982,-0.3941076894057898,1.2456409958807753,1.757941815712902,1.0748981112120777,1.522508647188813,0.4769775478847614,-0.38064181159174787,0.7159315939061296,-0.4583515829498257,0.044257139198925655,0.161717526093387
g106,2.3217681886561503,0.8470319483856166,1.5150865211756293,-0.03914276386144194,0.14030553653218808,-0.9409891942780825,-1.170421782450574,0.4479282172671561,-1.3958407405530657,1.091026737247206,-0.09940074879194755,-0.10267255968464101
g107,1.630687983899116,-0.7638269550141821,0.1202808920534153,1.137986405126779,1.8877533582533643,-1.4279743569603804,-0.08467369339840555,0.42721080811442275,-0.2910474625091035,-0.5238192226058969,0.28866509516439365,-0.16841450766028776
g108,-0.7888539975240165,-2.0296920540272563,0.5204742218602267,-0.10472239485027007,-0.509853612137769,-0.698254403976143,1.2847250334347096,0.6863005777208591,1.0631940532373831,1.5237984867397052,0.2887332289308876,0.23358197180277568
g109,0.30950360389826376,1.5272594027284332,-1.1485535296414475,-0.17269770343476637,-0.8325512563256344,-1.253889145957636,0.0337360000028413,-0.38380606025589814,0.2857960781656939,0.029992891185683768,-0.5363528413747755,0.09881604285895913
g110,2.898969000956381,-1.3820382685297365,0.5684201851184394,-0.724605112823372,-0.02602885057011825,1.0599167639261904,0.7230191021632723,-0.20155379384891378,-0.01298120509512795,-0.5551461474808691,-0.1707039605263898,-0.0673999100940284
g111,0.11834247288044226,-0.02994351401497139,-0.3644639468695494,0.2721786155479463,-0.41357401394091525,-0.8386148427560914,0.4230314570856276,-0.06780353151091911,1.7580595882672871,0.0500124865550558,-0.6488562839773515,0.3024433517741099
g112,0.9181413032249108,-0.574732154496334,0.9733274734684282,-0.7240426511786269,-1.191114289923732,0.861697390474712,0.9253807943327498,-0.41437966880801835,0.007956344295882642,0.2226393519169175,0.19942704911601183,-0.10308247586185088
g113,-0.717954081063118,-1.8111062122424606,-0.7289704212078645,1.7398408168189174,1.135008126064143,1.427181720509903,0.4741720604697211,0.30055235312242673,0.18444065401450435,0.10368471122234145,-0.16969471937911068,0.29119154888882237
g114,1.1848594883084087,-0.16162598849592708,0.9863022293816406,0.3997446744645092,-1.7365665841528872,0.1651581210070957,0.25502669565960784,-0.39659281740005803,-0.19424417686660012,-0.1707877862425542,-0.3933024147935116,0.07891801492735562
g115,-0.007458182967126952,-0.8640027472262202,-0.9195678253826352,0.4970924506585884,0.9588868326239419,0.03687730832969001,0.6367467821888998,0.4837981176647003,0.15237561671956365,0.05571720581533675,-0.22333556936507087,-0.1305444337225088
g116,-2.0794843156910425,-1.6392013353538655,0.28864991562839076,-1.6656381542462153,-0.4136221374722651,0.24241894717718643,-2.3320030597168473,-0.1765398550841519,0.0601174542000148,0.21429151185963224,-0.835306182654305,0.7255667442335916
g117,-0.08455353639953414,-1.32027685390056,-0.02178091841843604,1.4246781426062078,0.35126444939175233,0.36832727305781954,0.536333875693895,-0.6383903217668182,0.7626574762718323,-3.419712002095364e-4,-0.44739473067026775,-0.4385789123502353
g118,-2.430046565156533,-1.8529934725909394,0.07848153774142817,0.05840966705924022,-1.032211733085128,0.23801647622842081,1.0366058760765793,0.04745762200080397,1.1058118721350125,0.73445440736627,-0.5097259053241169,0.665051537304158
g119,2.8297068768806,-1.4981601801265905,-0.04820473565241031,0.7811172376155003,0.15978342848043334,0.02068496898323101,-0.4607041783346905,-0.23076935055913514,0.8272021905352058,-0.07481282757729923,-0.11795033056195654,-0.20862619465708893
g120,-0.3972548497412359,3.0654018192689296,0.525017656373818,-1.1763074983634454,0.4814619235004085,0.832104813001483,-0.9032237243287349,-0.9955990693623421,-0.13831398238221024,0.6252114667966691,0.5378734520278324,-0.6123602483314154
g121,2.9910527766810144,0.9256500912718846,0.2621862122425032,-0.29684606047053286,0.5173187356238282,1.9441954827863324,0.16072936489356326,-0.6527027937966658,-0.6335538651587214,-0.12880459338217132,-1.679548619862372,-0.34171591657693595
g122,-0.5383591337276117,-0.631383845031447,-0.840832466772204,0.26887255188974274,-0.2608612353881948,0.4983454515971276,-0.8679908726172197,0.4772798626343288,-0.23899563251377715,-0.22675518655856558,-0.290536206689541,-0.7462143051231948
g123,1.5374974662185301,1.255950234838176,-0.005740151342806206,-0.5881250282163496,-0.2160536147653237,-0.3237877942767765,0.38398276347978344,-0.44378846261160826,0.05213672466085317,0.6098383495932078,1.1987300267065768,-0.0033762160062920585
g124,0.042399605468426665,-1.2415747393225391,0.3378137124159304,1.7878444115272225,0.022560262795566353,0.2899003356739724,0.6672893991601747,-0.15821885524356927,0.9929675246997884,-0.5278535387406503,-0.4605022405055578,-0.7853222158075276
g125,1.3153091231110021,1.0710673741867862,-1.497209780386858,0.09260325137322786,-0.7199926188679591,0.38285499954480773,-0.2394058735342754,-0.8700253147963862,0.25091436624554847,-0.004522387650477355,-0.6420799140602026,0.4937824797058696
g126,2.5142114090519634,2.2771731552267607,1.1435033139097126,-0.7137066801331959,-1.8267812040415725,0.628498052485831,0.20964775941630676,0.19176149312443627,1.2239481775801109,-0.669752580741435,0.5703593064460726,0.22042610298026424
g127,1.3259078218744491,-1.6378530391281179,0.7200555242065966,0.8072606409699292,-2.1974892927004537,-0.04587847068818171,-0.49498806352185404,1.373799263500524,-1.6146872010505853,-0.8233859397326141,-0.2331281754392293,0.15278842079012284
g128,-2.1195955973360534,-0.37774227548439376,-2.6790086043773007,-0.4508284240886345,0.12626724776307569,-0.6396660583740603,2.2273816533983593,0.09054123689360274,-1.0987923046833334,0.5021650613087786,1.0656603720133067,-0.461125464457085
g129,-0.9020591482101593,0.17145991824905893,-0.337594395939271,0.19931728767139972,0.04597936389171017,-0.3250779475622065,0.9733218145517726,-0.7179855331835608,0.20066466069679678,0.11972330490843763,0.004774840527998078,0.6809580199165638
g130,-1.291502022962608,-0.13343404141742962,-0.9884344441959354,-0.538883100722595,0.06436289313493315,0.5573088802807911,1.645187054738145,-0.32749355351455883,0.515698023816043,0.2186615193398822,-0.2809995922762068,0.10899006619070092
g131,-0.2914078596168614,-0.15275062033801404,-1.1958036130936793,1.0644325709574978,1.2004576706100187,-0.7552657698843973,0.544984232554741,0.6663124866197425,0.555449712874678,0.8258956377178377,-0.7055001985290313,-0.19789552796836588
g132,-1.0842090664029547,-1.484400320451382,-0.6256741965359156,-0.4514235807244851,-0.8936415624684351,-0.09901694111088921,-1.71006371542864,0.8140910689228036,-1.4974589730824468,0.8437783548847121,-0.3361481272004925,-0.1421227351933564
g133,1.3650727206142172,0.559148671199049,-1.3782619542216161,1.3693998139019354,-0.8922812529760311,-0.6436533829921407,-0.09594671059776484,0.12938865347097211,1.0983591073926524,-0.16538392488655,-0.7742252850201535,-0.03846147603919449
g134,-1.9059623381392476,-1.243052586883664,-1.7953145582667815,0.018288092707281878,-0.7823392951347433,1.7201825469215533,-0.5235818927829348,0.670501032393124,-0.9900209576606764,0.9495654693702278,1.2127348013766308,0.24342469695551078
g135,0.4226999213124245,-1.9365586341516543,-0.9187676373173475,-0.1841717948044308,-0.42326068921957316,1.957022182390347,-1.7619645256614027,-0.1793593479571732,-0.47449035331588485,0.5885984277848119,1.8209305072226853,-0.5218546563546261
g136,3.3417507629856513,-0.8319568887551833,0.21949718654917433,0.4337465264837453,0.21502998604846874,-0.1929815841778608,-0.2707227654866245,-0.5700784036409087,0.5733114304521891,1.394466963300785,0.26098886401364263,0.26061642249298894
g137,2.597199816440591,-0.5075974550692507,-0.2668476706445033,0.9147757728228544,0.09138798098732205,0.6325901378165271,-0.36107527713524484,-1.0705635695273819,-0.07897706300265178,0.8252472904890663,0.607359843518296,-0.42813439305892975
g138,1.2323409812762438,1.5274675982955317,1.7197325989377807,1.4794589200525947,-1.4902188798381057,0.4646495882155005,1.3046980952494378,1.488708941945231,-0.8259416310495173,-0.04443639336363209,-0.19079549427349418,-0.5359954937351185
g139,0.9872998600634314,0.4930455324632538,0.995498568788786,1.6529087622074923,-1.1330826411119208,0.7920307635604047,0.4374109004704478,0.8657748555970228,-0.9692041944073024,0.054273086922676905,-0.6966182364096096,-0.6163087996603471
g140,-1.1153120642383405,1.939349888419409,0.5854178895828874,-1.3452950796806036,-0.5759576743044503,-0.08616662638056621,-0.9547017852037236,-1.0024710982850737,-0.1251076500014071,0.6318814069185886,1.2759215138891136,-0.38540025194992406
g141,-0.36820624198817853,2.80064976111793,1.1518982442219563,-0.9326884710097111,0.21229345208438513,-0.4408228512492043,-0.37335557848104345,0.264763000139455,0.22491291707773506,1.3672014635329617,-0.23050090659990316,-0.4119376687159221
g142,1.3833591926455613,0.830826139111291,-0.9753214700713442,1.6706902877528262,-0.37623892079563204,1.460420200356762,0.4792448989226063,1.522008694478151,-0.19002858939541062,0.6560675658924106,0.40387587620181475,0.7142828924920599
g143,-2.17206116973707,-0.17489421041778164,1.2383603681105058,-0.5235470042619252,0.0776353027727692,-0.1744517266240187,1.3019379018525443,0.4345000897265814,-2.192058699013791,-0.9603957732492229,-1.5414487544466482,0.8911012535551815
g144,1.8969763761773777,0.1313241067578942,-1.0158723915813515,-0.3730679260011667,0.22482625295386938,-1.1168770752173345,0.1309645345691386,0.04411570450255915,-0.8033587806961296,0.07858339355459423,0.2373470772008694,0.5011949186523929
g145,0.9748478513927192,-1.1521387176266247,0.39239560148892616,0.25928916671167934,0.25336783621816705,-0.25465000190595427,0.7705611798239045,0.038024031785163906,0.6431861564147467,-0.25591781959485754,-0.8618141245853329,-1.086113202813917
g146,-2.052441827346235,1.1170656524667582,0.6485344745934192,-1.5509185622225399,1.1558085245894443,0.8769917126852294,0.13366885539257703,0.2729815016561498,0.40382378482415593,-0.049193024693430024,0.9532623332247976,-0.3055720923032764
g147,-4.1017600256925855,-1.1877745009351774,-0.6343600562723095,-0.8895832953205169,-0.7777703042072279,0.5108674401285965,-0.5891812897263499,0.26190597568524177,-0.3097783476323619,-0.10872111280640767,-0.07791936721421766,0.042872820739305095
g148,1.048741198298123,0.6413015049323636,1.6288220157646152,0.022127437681174145,0.5599775090647678,-1.9333743439957787,0.3120303211448473,0.5610941633269548,-2.27039757043791,0.6374248064239955,-1.1505229191863697,-0.19054482173234075
g149,3.454303905563528,1.743745513087653,0.8980039457542407,0.5205231654918409,1.428509877925285,-0.8252677965861014,0.8811800194801351,1.1131997195590997,-0.7666322634337184,-1.383780035948122,-0.1888002597004168,-0.5969559784831837
g150,-3.7418928223688934,-0.9797320249298415,-1.7759160462551802,-1.3230677771295447,-0.5051030058505721,-0.1310182329705959,0.20295399493227845,0.6618678926376674,-0.33142855410854005,0.2821809994319472,0.32090526437280265,0.018230675218161352
g151,-1.7408753479499501,-1.5123801644135113,0.9790798134553831,0.27887545369336897,-0.7228538116680245,-1.5004606005992391,-0.47180176889715314,0.20971095971986123,1.5686900558223327,-0.6181995563331131,0.8816989703071063,0.027055726346571052
g152,-0.06794282214877895,-0.9319350278730248,1.1638191090982437,-0.022618764581090356,-1.1705034903780978,-1.2512990419659296,-0.41927625782250777,-0.5855014919186182,0.7604751904210848,-0.5169556286019741,0.3965816872514055,0.020250249598221526
g153,-1.5746673555406066,-1.493678012132677,1.2223661713784402,0.1905680267538299,-0.7538558371164306,-1.6798604045205088,-0.5560251036066841,0.1980435280190087,1.5724282955156497,-0.8028904557085674,0.9476810969329001,0.03339097715550182
g154,-0.8630098070040788,-2.1912763930797743,0.6886310570703779,-0.13660265672396882,-0.5344500075300008,-1.2844740029948385,-0.9600380762801162,-1.2280006719788168,1.144018797592948,-1.2583229012843091,1.0335574392910911,0.29316968552002803
g155,-0.4480045975582614,-1.611994107702197,-0.2639373114773842,-0.5467070206448226,0.6652973426392212,-0.5798247937000056,-0.4824713965273173,0.3822075642205912,0.892121620796849,-0.11021106556942756,0.670003815406588,-0.33058306067347665
g156,1.523300669772321,1.4569887760637215,-0.6488104151839184,-1.656618706135722,1.0665974989214413,0.12761207645106354,-0.18513227324291,0.21363310538074232,0.1371166401194155,-0.6739075408905854,-0.2768422019100555,-0.11935995872059985
g157,0.6401827692069793,1.0303483132798543,0.47087936267719993,-0.3207342329388103,-0.866107662419013,0.8576511435053275,-0.7039196714883607,2.1010661914743802,-0.32550386687039895,-0.2600533911166505,0.8280517126363458,0.41945250504315373
g158,-0.44570963015643367,1.6452124534348929,1.206000701068895,-1.1755732461146107,1.0219070676088653,0.7473581146988986,-1.2902923087484797,0.8112198245749103,0.7311610754840315,0.4998362233363166,0.3812812493673321,-0.01608685101259022
g159,-0.9287210971663503,1.6713535798298362,0.23955122685635358,-0.8324159921639399,0.6775083555526195,-0.4550548081036354,-0.5219645961100811,0.2549068823306215,1.246593308812829,-0.2879149842068074,0.37085796476667804,0.002389366077603216
g160,0.6413867824037971,1.059560692496226,0.3887096059517446,-0.5286557775755724,0.4765881189107739,-0.49762605745227406,-0.20663351657975884,1.21753859833178,0.19235198813978555,-0.19387080440885404,1.0946456283490738,0.3584297248753837
g161,1.156506182966189,0.26711145392041324,0.8026184231529757,-0.6127052971464029,1.165414438122837,0.18133128069223445,-1.084779069219301,-1.1907927163279821,0.49402717744591357,1.1933007489017426,-0.014258279634481064,0.4222236713084811
g162,-0.3294176199332367,-1.7162782573919364,-0.3552087168742102,0.8157897624055184,1.3443338856624476,0.4339284371513758,-0.9071468177441504,-1.0499696882233334,0.03159072078143676,-0.25842112238025094,-0.10789447474400618,-0.38312406167880414
g163,0.8461328844995732,-1.029037858821773,-0.2856015378012498,0.5301115313103941,1.7734966770300509,-0.5005174578781746,-0.9588646627532618,0.4629052270491729,-0.45354013717191644,-0.6910689208208658,-0.004178085275144905,-0.06638171912219308
g164,-0.8802483847781319,0.512434954239091,0.706640526601988,2.3821045811883272,-0.3795059990086217,0.4655800715023688,1.8396837352017301,-1.8516745480600838,0.5275911780552901,1.562065525116164,0.37674759929660717,-0.20105124234711003
g165,-1.1626580491466942,-3.159804012776252,1.8098751607110943,-0.8087326640713324,-0.1875795601272291,-0.18654415360456578,-2.2450091132083014,-1.2717940285738374,-1.5002174213955648,-0.16502469590409413,-0.1587345026378182,0.11829228003442088
g166,-0.5538431812949642,-1.1011887729777314,-0.10803833731613093,1.8261837909139698,1.0234314382380698,0.27333722685486483,-1.1490594411636403,1.0111428271901324,-0.21322428719337097,-0.33750187332243686,0.09284135770230284,-0.06672264838721573
g167,1.772375908976875,0.14012316869102381,-1.1850894964483787,-0.509833307216042,-0.06517028744279335,-1.1549459538113624,0.4091429613528272,-0.4474287743077837,-0.7897208541827644,-0.347568366327101,0.4500835557407609,0.4212842876066423
g168,1.1969523136829747,0.0021038255031737285,-0.32885708758964666,-0.8225426788906337,-0.23247666323107663,1.6590136146408874,1.066334715390387,-0.5900024087924177,-0.07400291082116017,-0.3869333119268771,-0.47719501708825135,-0.21791933186583154
g169,-0.8573299480655936,2.5134301857888186,0.408929894380686,-0.7152525990730186,0.03197448333015746,-0.13151306063245344,-0.8150041551829191,0.7359632368294152,0.427813415184262,0.47106780744508336,0.4360381883879852,0.06394151677132591
g170,1.992237473741076,0.22157206012267147,-1.4428221283907976,-0.19736908819620827,0.1963873093340484,-0.3534715623575311,0.3524730384715295,-0.024845806554630506,-0.6298175093189677,-0.0756080075950384,-0.0685778122754831,0.745086624937023
g171,-0.5713114140964821,1.6040161467242249,0.03008994488930254,0.3648185806119476,0.48587739581175293,1.155370607428111,-1.2285020638048785,1.0017851789109335,0.5793294081488022,-1.560823314708069,0.23061654240097884,-0.3983274998140116
g172,-2.237367933226594,0.7221953096890661,1.3226558694856265,1.2028339509055062,-1.2575264030234712,-0.024193524637078398,-0.33907522036901383,-1.3711622101197447,-0.02419314789518353,0.6463540789733413,-0.9592383863932163,-0.8835297785947922
g173,1.2582737355399636,-0.6905599949643098,-0.4464192784188777,1.4318095854473392,0.9783066824854264,-0.33271047659824154,0.18432161443840683,-0.4406189102856854,0.22091664026334512,-0.570342250973356,0.041265621366329386,-0.4573484391322097
g174,-4.054564164333137,-0.8495529828864228,1.5417877979795105,0.9623128724832813,-1.3298439172248284,-1.1405559442503246,-0.7444716695135488,1.058685992623265,-0.5674166278994976,0.4112440711089012,-0.9861557800807276,0.21771123943638873
g175,-4.008523090875184,-0.7884346830792037,-0.7392286022661185,-1.3931502763025307,0.016106967750937395,0.0015153993448525083,0.281142034985715,0.2786337939306162,-0.1352607433580939,0.06773580855417771,-0.3126052739863985,-0.4490836550332482
g176,3.0593705786730845,-1.3868868838558306,-0.15993410919551643,0.43558304075037135,-0.11157916251511066,-0.0047905683482064206,-0.42689080536394713,-0.10678343322313344,0.6035699032142763,-0.2362048676550777,-0.10895557139013279,-0.4475608045047662
g177,-0.8699178013576263,2.6231192601635676,0.04190758552331659,0.005992636294498671,0.4824632938403083,0.030803491744905126,-0.7780396783533108,0.8779574294155084,0.4088174853516835,0.30521593014619336,0.35254326985647827,0.26801572530424184
g178,-2.767259952709887,-2.6851864902765272,-0.4893822850827044,-0.3927256558355655,-0.8386169325159182,-0.4180531718309559,-1.6023902075596244,1.453077564393856,-0.08851399888919292,-0.867367928113881,-0.13385334302293717,-0.23314382572493456
g179,-1.235636508862577,0.4027637396600241,0.6985218916665107,0.42771404898793935,1.7768896574481157,0.5957143705340029,-0.30936543908851333,-0.19816708618202777,1.2688806008251525,-0.7000542883695879,0.14617423788554218,0.636348003806623
g180,-1.235636508862577,0.4027637396600241,0.6985218916665107,0.42771404898793935,1.7768896574481157,0.5957143705340029,-0.30936543908851333,-0.19816708618202777,1.2688806008251525,-0.7000542883695879,0.14617423788554218,0.636348003806623
g181,-0.22104761241632326,-0.3200709736586008,-0.9210420232478457,1.1883226208236821,1.6392922330509707,1.6639414381103266,1.8758152171611155,-0.24481183321620717,-0.7465089782944072,-0.17802447333996957,0.33335021709644863,0.3439308187790502
g182,-2.5036189278677283,-0.8877988678712319,-2.2765637818387967,-0.4192949951107886,1.1277930487977108,-0.13889401088927403,0.6469652851547567,-1.1537191475285336,-1.1473511101051554,0.7318016406404352,0.43381982881114034,-0.19975868853689963
g183,-0.5288656633797377,-0.6292329259522945,0.09255123130244904,0.14076325101667658,-0.5938907929312509,0.4884627176352262,-0.08124761932523517,0.4341730470489547,0.8908626408793189,-0.5664504553307962,-0.37880523994391957,0.27054285702091707
g184,-0.01076516232118882,1.0577179290289127,0.49881451056441073,-1.2119977208185777,0.7203737913304513,0.5096892331543621,-0.9711442158093566,-0.2609931778205723,-1.0100364451648065,-0.3472873333800931,-0.36121683541258665,-0.3417896637095623
g185,-0.5311002848414811,1.1739112751770733,0.8421264027387183,-0.34165345182926476,2.517266724844664,0.7180449212704383,0.8464839243503227,-0.532771145591407,0.035887914827670814,-0.008561072182066476,0.1882530177565932,-0.07626705141899057
g186,-2.4416048048789185,0.3020898077474376,1.3681181109709273,0.8149867613755087,-0.89312794883459,0.3538176196948052,-0.23771470371028694,-1.1360518993330957,-0.3243709897967152,0.16004065152399016,-0.3490049212758154,-0.9518334354548271
g187,-0.721725460536081,-1.054239074931307,-1.682554511516327,-0.5154065955553628,-1.1427571259508134,0.3214675552886794,-0.29775107112045485,0.5173825043064318,0.48548023528606593,-0.4478590368596634,-0.4232614155330138,-0.006243979740499395
g188,-1.1588296899350683,0.136187824482898,1.3689737597681697,0.78256627487337,2.037900288267092,-2.250770455940681,0.12330211468704026,-0.9659632729988783,-0.1892597738621343,-0.2352410298850657,0.4694370303669902,0.22396336158456945
g189,-1.0069703726468704,1.5553601589764405,0.41738568761995987,0.30126384895788344,0.9005090829186375,-0.9470128240083031,0.0813634114532785,-0.6385893041594624,0.5517064626438423,-0.6302678341180994,-0.43159837169094906,0.21298040087731515
g190,-1.3423029125742811,-0.9978556128422273,0.024394495598160783,0.8910726905249676,0.6188291152597023,-0.7897295635682613,-0.5136779688442881,2.0196939465238524,-0.5473666685203485,1.0719260944829467,-0.2355563207304891,0.11226418565745067
g191,-1.2825451313832414,1.2948055686285804,-0.17827042611353466,-1.7644194066886822,1.446682341417115,1.1675063734751552,0.028372736425052086,-1.0337521795561173,-0.09737373015912573,0.3421722547666929,0.2368010983879832,-0.056574473861838934
g192,2.7211111564530825,-1.4499553079922891,0.254924044750764,-0.18489639251085266,0.20435020386103653,-0.48400413628867855,-0.45777643662226786,-1.0213451705899788,0.7460230320010448,-0.47748211343422725,0.0043947000603170305,-0.3281391146735725
g193,-0.5493071003251029,-1.0711125942576374,1.2085062127499442,1.4544133131900416,1.106558617460784,-1.636268976376511,0.34960885653514623,0.6898883169286598,0.9641809107675235,0.9164186142060037,-0.8485210066295605,-0.19946956511734873
g194,-2.0741563878799965,0.9431626516579446,0.8334477022281359,2.1397114805735065,0.1128296524877852,1.3034755095732997,0.4913347227096352,-2.0972669525197163,0.16578385979867485,0.7353681928986863,-0.8042215248234078,-0.13368297075331556
g195,1.4540382343155085,0.40618630320714827,-2.169404654858106,0.5191043364883441,-1.253101758453093,-0.3165787997585632,-0.5240695924442489,-0.2987910644583713,0.16999715150213113,0.32068028740067345,-0.18681464973420012,0.30329896561132025
g196,3.1989050402489063,0.7188716147951417,0.802285877987212,-1.3240770301983944,1.8325979256050022,-0.00985358752447596,0.7151920241567677,0.53510001383795,-0.9841331084705986,0.16781787987315944,-0.3417002947279911,0.8090397515488102
g197,-2.798019593852875,1.4424473366717936,-0.2619112880203932,-0.5506542041015763,0.6534506311253742,-0.4636985412670621,0.598983982758545,-0.30591138004229734,0.4482760611760765,0.5733208229842097,-0.44409728902799583,-0.4492322018627947
g198,-1.235636508862577,0.4027637396600241,0.6985218916665107,0.42771404898793935,1.7768896574481157,0.5957143705340029,-0.30936543908851333,-0.19816708618202777,1.2688806008251525,-0.7000542883695879,0.14617423788554218,0.636348003806623
g199,1.2531529976793976,1.1390130940605439,-0.6828398643940463,-1.246422336225224,1.3935948908003515,-0.8207708733415076,0.794802621346913,0.006707780029542615,0.4243733241855831,1.541098793690301,-0.10197412706200054,-0.4323931438786328
