Genotype,fr_lf_sen_rate,grains_per_gram_stem,ll_modifier,max_grain_size,photop_sens,potential_grain_filling_rate,transp_eff_cf,tt_floral_initiation,vern_sens,y_extinct_coef,y_frac_leaf,y_rue
'g001',0.0323,23.1514,1.0135,0.0412,2.1261,0.0020,'0  0  0.0058  0.0058  0.0058  0.0058  0.0058  0.0058  0.0058  0  0',493.7603,1.8312,'0.5464  0.5464  0.5464','0  0  0.5897  0.5897  0.5897  0.39510  0  0  0  0  0  0  0  0','0  0  1.21  1.21  1.21  1.21  1.21  1.21  0  0  0'
'g002',0.0329,22.7248,1.0078,0.0429,2.1071,0.0020,'0  0  0.0058  0.0058  0.0058  0.0058  0.0058  0.0058  0.0058  0  0',485.3376,1.8424,'0.5376  0.5376  0.5376','0  0  0.5872  0.5872  0.5872  0.39340  0  0  0  0  0  0  0  0','0  0  1.222  1.222  1.222  1.222  1.222  1.222  0  0  0'
'g003',0.0376,23.7379,1.0161,0.0367,2.0454,0.0019,'0  0  0.0056  0.0056  0.0056  0.0056  0.0056  0.0056  0.0056  0  0',502.5480,1.9493,'0.5063  0.5063  0.5063','0  0  0.607  0.607  0.607  0.40670  0  0  0  0  0  0  0  0','0  0  1.28  1.28  1.28  1.28  1.28  1.28  0  0  0'
'g004',0.0342,22.0635,1.0455,0.0479,2.3872,0.0023,'0  0  0.005  0.005  0.005  0.005  0.005  0.005  0.005  0  0',523.7002,1.8422,'0.4781  0.4781  0.4781','0  0  0.6155  0.6155  0.6155  0.41240  0  0  0  0  0  0  0  0','0  0  1.175  1.175  1.175  1.175  1.175  1.175  0  0  0'
'g005',0.0330,21.4964,1.0040,0.0515,1.9672,0.0021,'0  0  0.0058  0.0058  0.0058  0.0058  0.0058  0.0058  0.0058  0  0',508.5128,2.0100,'0.509  0.509  0.509','0  0  0.5981  0.5981  0.5981  0.40070  0  0  0  0  0  0  0  0','0  0  1.125  1.125  1.125  1.125  1.125  1.125  0  0  0'
'g006',0.0345,21.8870,1.0809,0.0498,2.3011,0.0021,'0  0  0.0055  0.0055  0.0055  0.0055  0.0055  0.0055  0.0055  0  0',525.0672,2.0793,'0.4219  0.4219  0.4219','0  0  0.5996  0.5996  0.5996  0.40170  0  0  0  0  0  0  0  0','0  0  1.137  1.137  1.137  1.137  1.137  1.137  0  0  0'
'g007',0.0389,21.7993,0.9830,0.0383,1.9385,0.0019,'0  0  0.0054  0.0054  0.0054  0.0054  0.0054  0.0054  0.0054  0  0',487.7321,2.1131,'0.5966  0.5966  0.5966','0  0  0.6201  0.6201  0.6201  0.41550  0  0  0  0  0  0  0  0','0  0  1.228  1.228  1.228  1.228  1.228  1.228  0  0  0'
'g008',0.0329,22.8837,1.0043,0.0462,2.3203,0.0020,'0  0  0.0055  0.0055  0.0055  0.0055  0.0055  0.0055  0.0055  0  0',515.1583,2.5993,'0.4325  0.4325  0.4325','0  0  0.6345  0.6345  0.6345  0.42510  0  0  0  0  0  0  0  0','0  0  0.9984  0.9984  0.9984  0.9984  0.9984  0.9984  0  0  0'
'g009',0.0368,21.8553,1.0155,0.0470,1.8892,0.0021,'0  0  0.0057  0.0057  0.0057  0.0057  0.0057  0.0057  0.0057  0  0',517.6982,1.6496,'0.4315  0.4315  0.4315','0  0  0.6162  0.6162  0.6162  0.41290  0  0  0  0  0  0  0  0','0  0  1.165  1.165  1.165  1.165  1.165  1.165  0  0  0'
'g010',0.0342,22.5112,0.9975,0.0473,2.3320,0.0022,'0  0  0.0056  0.0056  0.0056  0.0056  0.0056  0.0056  0.0056  0  0',523.1951,2.2613,'0.5274  0.5274  0.5274','0  0  0.623  0.623  0.623  0.41740  0  0  0  0  0  0  0  0','0  0  1.175  1.175  1.175  1.175  1.175  1.175  0  0  0'
'g011',0.0344,22.3728,1.0246,0.0436,2.5311,0.0021,'0  0  0.0055  0.0055  0.0055  0.0055  0.0055  0.0055  0.0055  0  0',510.4706,2.1918,'0.5519  0.5519  0.5519','0  0  0.5894  0.5894  0.5894  0.39490  0  0  0  0  0  0  0  0','0  0  1.135  1.135  1.135  1.135  1.135  1.135  0  0  0'
'g012',0.0348,22.3783,0.9900,0.0519,2.5168,0.0022,'0  0  0.0055  0.0055  0.0055  0.0055  0.0055  0.0055  0.0055  0  0',519.6913,2.1549,'0.5457  0.5457  0.5457','0  0  0.6092  0.6092  0.6092  0.40820  0  0  0  0  0  0  0  0','0  0  1.206  1.206  1.206  1.206  1.206  1.206  0  0  0'
'g013',0.0316,21.2597,0.9516,0.0484,2.4741,0.0020,'0  0  0.0053  0.0053  0.0053  0.0053  0.0053  0.0053  0.0053  0  0',542.1065,1.9242,'0.4901  0.4901  0.4901','0  0  0.6081  0.6081  0.6081  0.40740  0  0  0  0  0  0  0  0','0  0  1.262  1.262  1.262  1.262  1.262  1.262  0  0  0'
'g014',0.0341,22.1622,0.9806,0.0454,2.4059,0.0020,'0  0  0.0062  0.0062  0.0062  0.0062  0.0062  0.0062  0.0062  0  0',500.9934,2.1355,'0.4907  0.4907  0.4907','0  0  0.5733  0.5733  0.5733  0.38410  0  0  0  0  0  0  0  0','0  0  1.15  1.15  1.15  1.15  1.15  1.15  0  0  0'
'g015',0.0359,22.5057,1.0474,0.0444,1.9867,0.0022,'0  0  0.0054  0.0054  0.0054  0.0054  0.0054  0.0054  0.0054  0  0',488.7106,1.9229,'0.4728  0.4728  0.4728','0  0  0.6073  0.6073  0.6073  0.40690  0  0  0  0  0  0  0  0','0  0  1.202  1.202  1.202  1.202  1.202  1.202  0  0  0'
'g016',0.0348,23.5809,0.9936,0.0371,2.1226,0.0020,'0  0  0.006  0.006  0.006  0.006  0.006  0.006  0.006  0  0',472.6771,1.9738,'0.5416  0.5416  0.5416','0  0  0.6349  0.6349  0.6349  0.42540  0  0  0  0  0  0  0  0','0  0  1.074  1.074  1.074  1.074  1.074  1.074  0  0  0'
'g017',0.0342,23.4823,0.9416,0.0388,2.4813,0.0021,'0  0  0.005  0.005  0.005  0.005  0.005  0.005  0.005  0  0',491.2208,1.7980,'0.5182  0.5182  0.5182','0  0  0.5739  0.5739  0.5739  0.38450  0  0  0  0  0  0  0  0','0  0  1.241  1.241  1.241  1.241  1.241  1.241  0  0  0'
'g018',0.0328,21.3527,1.0111,0.0514,2.0247,0.0022,'0  0  0.0055  0.0055  0.0055  0.0055  0.0055  0.0055  0.0055  0  0',495.1934,2.1712,'0.5082  0.5082  0.5082','0  0  0.6177  0.6177  0.6177  0.41390  0  0  0  0  0  0  0  0','0  0  1.316  1.316  1.316  1.316  1.316  1.316  0  0  0'
'g019',0.0367,21.7159,1.0103,0.0434,2.3477,0.0020,'0  0  0.0057  0.0057  0.0057  0.0057  0.0057  0.0057  0.0057  0  0',501.2192,2.0781,'0.5366  0.5366  0.5366','0  0  0.5829  0.5829  0.5829  0.39050  0  0  0  0  0  0  0  0','0  0  1.195  1.195  1.195  1.195  1.195  1.195  0  0  0'
'g020',0.0358,21.3310,1.0610,0.0449,1.7737,0.0022,'0  0  0.0056  0.0056  0.0056  0.0056  0.0056  0.0056  0.0056  0  0',511.1790,1.8646,'0.4612  0.4612  0.4612','0  0  0.5824  0.5824  0.5824  0.39020  0  0  0  0  0  0  0  0','0  0  1.137  1.137  1.137  1.137  1.137  1.137  0  0  0'
'g021',0.0354,22.0594,1.0145,0.0430,2.2777,0.0021,'0  0  0.0051  0.0051  0.0051  0.0051  0.0051  0.0051  0.0051  0  0',513.1194,2.2182,'0.426  0.426  0.426','0  0  0.5821  0.5821  0.5821  0.390  0  0  0  0  0  0  0  0','0  0  1.355  1.355  1.355  1.355  1.355  1.355  0  0  0'
'g022',0.0327,22.2735,0.9544,0.0431,2.3036,0.0019,'0  0  0.006  0.006  0.006  0.006  0.006  0.006  0.006  0  0',525.4418,2.0433,'0.5151  0.5151  0.5151','0  0  0.5939  0.5939  0.5939  0.39790  0  0  0  0  0  0  0  0','0  0  1.2  1.2  1.2  1.2  1.2  1.2  0  0  0'
'g023',0.0374,23.1163,0.9906,0.0356,1.7319,0.0019,'0  0  0.0053  0.0053  0.0053  0.0053  0.0053  0.0053  0.0053  0  0',495.2513,2.0894,'0.5373  0.5373  0.5373','0  0  0.5932  0.5932  0.5932  0.39740  0  0  0  0  0  0  0  0','0  0  1.289  1.289  1.289  1.289  1.289  1.289  0  0  0'
'g024',0.0368,23.6930,0.9723,0.0419,1.7073,0.0021,'0  0  0.0055  0.0055  0.0055  0.0055  0.0055  0.0055  0.0055  0  0',505.6177,1.8906,'0.5596  0.5596  0.5596','0  0  0.6146  0.6146  0.6146  0.41180  0  0  0  0  0  0  0  0','0  0  1.209  1.209  1.209  1.209  1.209  1.209  0  0  0'
'g025',0.0319,21.0844,0.9780,0.0498,2.3663,0.0023,'0  0  0.0048  0.0048  0.0048  0.0048  0.0048  0.0048  0.0048  0  0',529.1196,2.0599,'0.5126  0.5126  0.5126','0  0  0.5904  0.5904  0.5904  0.39560  0  0  0  0  0  0  0  0','0  0  1.288  1.288  1.288  1.288  1.288  1.288  0  0  0'
'g026',0.0417,22.8575,1.0360,0.0400,2.3515,0.0020,'0  0  0.0057  0.0057  0.0057  0.0057  0.0057  0.0057  0.0057  0  0',491.6697,2.0756,'0.501  0.501  0.501','0  0  0.6293  0.6293  0.6293  0.42160  0  0  0  0  0  0  0  0','0  0  1.22  1.22  1.22  1.22  1.22  1.22  0  0  0'
'g027',0.0311,22.8601,1.0296,0.0422,2.1110,0.0021,'0  0  0.0056  0.0056  0.0056  0.0056  0.0056  0.0056  0.0056  0  0',490.3549,1.7689,'0.5159  0.5159  0.5159','0  0  0.6043  0.6043  0.6043  0.40490  0  0  0  0  0  0  0  0','0  0  1.236  1.236  1.236  1.236  1.236  1.236  0  0  0'
'g028',0.0377,23.5076,0.9497,0.0427,2.5334,0.0019,'0  0  0.0057  0.0057  0.0057  0.0057  0.0057  0.0057  0.0057  0  0',495.4142,1.9795,'0.5715  0.5715  0.5715','0  0  0.6109  0.6109  0.6109  0.40930  0  0  0  0  0  0  0  0','0  0  1.042  1.042  1.042  1.042  1.042  1.042  0  0  0'
'g029',0.0338,21.3272,1.0931,0.0494,2.2452,0.0023,'0  0  0.0058  0.0058  0.0058  0.0058  0.0058  0.0058  0.0058  0  0',518.5159,1.9659,'0.4274  0.4274  0.4274','0  0  0.6152  0.6152  0.6152  0.41220  0  0  0  0  0  0  0  0','0  0  1.115  1.115  1.115  1.115  1.115  1.115  0  0  0'
'g030',0.0349,22.2050,1.0046,0.0425,2.4126,0.0023,'0  0  0.0054  0.0054  0.0054  0.0054  0.0054  0.0054  0.0054  0  0',493.4293,2.0372,'0.5179  0.5179  0.5179','0  0  0.558  0.558  0.558  0.37390  0  0  0  0  0  0  0  0','0  0  1.222  1.222  1.222  1.222  1.222  1.222  0  0  0'
'g031',0.0329,23.2552,0.9988,0.0410,2.0410,0.0020,'0  0  0.0057  0.0057  0.0057  0.0057  0.0057  0.0057  0.0057  0  0',495.3660,1.8689,'0.4884  0.4884  0.4884','0  0  0.5619  0.5619  0.5619  0.37650  0  0  0  0  0  0  0  0','0  0  1.142  1.142  1.142  1.142  1.142  1.142  0  0  0'
'g032',0.0320,22.7993,1.0403,0.0419,2.0959,0.0021,'0  0  0.0057  0.0057  0.0057  0.0057  0.0057  0.0057  0.0057  0  0',486.3153,1.8270,'0.5168  0.5168  0.5168','0  0  0.5911  0.5911  0.5911  0.3960  0  0  0  0  0  0  0  0','0  0  1.208  1.208  1.208  1.208  1.208  1.208  0  0  0'
'g033',0.0366,23.4660,1.0262,0.0425,2.3779,0.0022,'0  0  0.0054  0.0054  0.0054  0.0054  0.0054  0.0054  0.0054  0  0',497.2613,1.8438,'0.4815  0.4815  0.4815','0  0  0.5975  0.5975  0.5975  0.40030  0  0  0  0  0  0  0  0','0  0  1.22  1.22  1.22  1.22  1.22  1.22  0  0  0'
'g034',0.0362,22.0513,1.0438,0.0423,2.0266,0.0023,'0  0  0.0054  0.0054  0.0054  0.0054  0.0054  0.0054  0.0054  0  0',497.1357,1.8008,'0.5275  0.5275  0.5275','0  0  0.5881  0.5881  0.5881  0.3940  0  0  0  0  0  0  0  0','0  0  1.195  1.195  1.195  1.195  1.195  1.195  0  0  0'
'g035',0.0319,21.9034,1.0144,0.0491,2.2751,0.0024,'0  0  0.0054  0.0054  0.0054  0.0054  0.0054  0.0054  0.0054  0  0',509.8406,2.2597,'0.463  0.463  0.463','0  0  0.6102  0.6102  0.6102  0.40880  0  0  0  0  0  0  0  0','0  0  1.139  1.139  1.139  1.139  1.139  1.139  0  0  0'
'g036',0.0327,21.5186,1.0072,0.0502,2.2590,0.0023,'0  0  0.0055  0.0055  0.0055  0.0055  0.0055  0.0055  0.0055  0  0',501.5185,2.1563,'0.416  0.416  0.416','0  0  0.612  0.612  0.612  0.410  0  0  0  0  0  0  0  0','0  0  1.095  1.095  1.095  1.095  1.095  1.095  0  0  0'
'g037',0.0361,23.5427,1.0366,0.0325,2.3680,0.0019,'0  0  0.0051  0.0051  0.0051  0.0051  0.0051  0.0051  0.0051  0  0',505.8553,1.9746,'0.4912  0.4912  0.4912','0  0  0.6078  0.6078  0.6078  0.40720  0  0  0  0  0  0  0  0','0  0  1.19  1.19  1.19  1.19  1.19  1.19  0  0  0'
'g038',0.0359,22.5152,0.9444,0.0508,2.4946,0.0022,'0  0  0.006  0.006  0.006  0.006  0.006  0.006  0.006  0  0',506.6457,2.1243,'0.4895  0.4895  0.4895','0  0  0.5997  0.5997  0.5997  0.40180  0  0  0  0  0  0  0  0','0  0  1.177  1.177  1.177  1.177  1.177  1.177  0  0  0'
'g039',0.0340,22.8811,0.9460,0.0449,2.0179,0.0023,'0  0  0.005  0.005  0.005  0.005  0.005  0.005  0.005  0  0',499.1822,2.1991,'0.4764  0.4764  0.4764','0  0  0.59  0.59  0.59  0.39530  0  0  0  0  0  0  0  0','0  0  1.256  1.256  1.256  1.256  1.256  1.256  0  0  0'
'g040',0.0334,21.9763,1.0038,0.0513,2.0965,0.0022,'0  0  0.0055  0.0055  0.0055  0.0055  0.0055  0.0055  0.0055  0  0',508.6096,1.7811,'0.511  0.511  0.511','0  0  0.5954  0.5954  0.5954  0.39890  0  0  0  0  0  0  0  0','0  0  1.163  1.163  1.163  1.163  1.163  1.163  0  0  0'
'g041',0.0370,22.2338,0.9411,0.0528,2.3959,0.0023,'0  0  0.006  0.006  0.006  0.006  0.006  0.006  0.006  0  0',516.2178,2.1771,'0.4846  0.4846  0.4846','0  0  0.5986  0.5986  0.5986  0.40110  0  0  0  0  0  0  0  0','0  0  1.155  1.155  1.155  1.155  1.155  1.155  0  0  0'
'g042',0.0359,22.5152,0.9444,0.0508,2.4946,0.0022,'0  0  0.006  0.006  0.006  0.006  0.006  0.006  0.006  0  0',506.6457,2.1243,'0.4895  0.4895  0.4895','0  0  0.5997  0.5997  0.5997  0.40180  0  0  0  0  0  0  0  0','0  0  1.177  1.177  1.177  1.177  1.177  1.177  0  0  0'
'g043',0.0365,22.8547,0.9646,0.0491,2.4265,0.0022,'0  0  0.0061  0.0061  0.0061  0.0061  0.0061  0.0061  0.0061  0  0',516.9525,2.2092,'0.4772  0.4772  0.4772','0  0  0.6066  0.6066  0.6066  0.40640  0  0  0  0  0  0  0  0','0  0  1.157  1.157  1.157  1.157  1.157  1.157  0  0  0'
'g044',0.0346,20.5418,0.9860,0.0538,2.2200,0.0022,'0  0  0.005  0.005  0.005  0.005  0.005  0.005  0.005  0  0',551.2621,1.8847,'0.5374  0.5374  0.5374','0  0  0.6224  0.6224  0.6224  0.4170  0  0  0  0  0  0  0  0','0  0  1.189  1.189  1.189  1.189  1.189  1.189  0  0  0'
'g045',0.0366,22.9959,0.9742,0.0498,2.4128,0.0022,'0  0  0.0059  0.0059  0.0059  0.0059  0.0059  0.0059  0.0059  0  0',521.4544,2.2229,'0.5084  0.5084  0.5084','0  0  0.6066  0.6066  0.6066  0.40640  0  0  0  0  0  0  0  0','0  0  1.174  1.174  1.174  1.174  1.174  1.174  0  0  0'
'g046',0.0358,21.7821,1.0158,0.0433,2.1130,0.0019,'0  0  0.0054  0.0054  0.0054  0.0054  0.0054  0.0054  0.0054  0  0',505.6225,2.1450,'0.5264  0.5264  0.5264','0  0  0.591  0.591  0.591  0.3960  0  0  0  0  0  0  0  0','0  0  1.206  1.206  1.206  1.206  1.206  1.206  0  0  0'
'g047',0.0342,22.5554,0.9596,0.0445,2.0871,0.0022,'0  0  0.0053  0.0053  0.0053  0.0053  0.0053  0.0053  0.0053  0  0',482.2105,2.3668,'0.4976  0.4976  0.4976','0  0  0.597  0.597  0.597  0.40  0  0  0  0  0  0  0  0','0  0  1.235  1.235  1.235  1.235  1.235  1.235  0  0  0'
'g048',0.0327,23.7359,0.9232,0.0471,2.5050,0.0021,'0  0  0.0056  0.0056  0.0056  0.0056  0.0056  0.0056  0.0056  0  0',497.2259,2.1327,'0.5797  0.5797  0.5797','0  0  0.61  0.61  0.61  0.40870  0  0  0  0  0  0  0  0','0  0  1.193  1.193  1.193  1.193  1.193  1.193  0  0  0'
'g049',0.0313,23.1284,1.0146,0.0423,2.2311,0.0021,'0  0  0.0055  0.0055  0.0055  0.0055  0.0055  0.0055  0.0055  0  0',496.6128,1.9184,'0.4992  0.4992  0.4992','0  0  0.5988  0.5988  0.5988  0.40120  0  0  0  0  0  0  0  0','0  0  1.228  1.228  1.228  1.228  1.228  1.228  0  0  0'
'g050',0.0314,23.3266,0.9462,0.0473,2.2828,0.0023,'0  0  0.0054  0.0054  0.0054  0.0054  0.0054  0.0054  0.0054  0  0',485.1287,1.8958,'0.4916  0.4916  0.4916','0  0  0.6  0.6  0.6  0.4020  0  0  0  0  0  0  0  0','0  0  1.209  1.209  1.209  1.209  1.209  1.209  0  0  0'
'g051',0.0318,20.4520,0.9791,0.0553,2.3929,0.0023,'0  0  0.0053  0.0053  0.0053  0.0053  0.0053  0.0053  0.0053  0  0',496.5470,1.8288,'0.4782  0.4782  0.4782','0  0  0.6054  0.6054  0.6054  0.40560  0  0  0  0  0  0  0  0','0  0  1.275  1.275  1.275  1.275  1.275  1.275  0  0  0'
'g052',0.0355,21.5718,0.9848,0.0414,1.9631,0.0020,'0  0  0.0053  0.0053  0.0053  0.0053  0.0053  0.0053  0.0053  0  0',481.8080,1.9958,'0.5766  0.5766  0.5766','0  0  0.6039  0.6039  0.6039  0.40460  0  0  0  0  0  0  0  0','0  0  1.29  1.29  1.29  1.29  1.29  1.29  0  0  0'
'g053',0.0369,23.3537,1.0134,0.0420,2.3842,0.0018,'0  0  0.0056  0.0056  0.0056  0.0056  0.0056  0.0056  0.0056  0  0',531.4547,1.8816,'0.4891  0.4891  0.4891','0  0  0.5917  0.5917  0.5917  0.39640  0  0  0  0  0  0  0  0','0  0  1.232  1.232  1.232  1.232  1.232  1.232  0  0  0'
'g054',0.0355,23.8010,1.0333,0.0465,2.7358,0.0020,'0  0  0.0055  0.0055  0.0055  0.0055  0.0055  0.0055  0.0055  0  0',515.4097,1.9338,'0.506  0.506  0.506','0  0  0.6055  0.6055  0.6055  0.40570  0  0  0  0  0  0  0  0','0  0  1.262  1.262  1.262  1.262  1.262  1.262  0  0  0'
'g055',0.0404,21.2978,0.9493,0.0471,2.3371,0.0018,'0  0  0.0054  0.0054  0.0054  0.0054  0.0054  0.0054  0.0054  0  0',470.0275,2.1753,'0.4495  0.4495  0.4495','0  0  0.6492  0.6492  0.6492  0.4350  0  0  0  0  0  0  0  0','0  0  1.251  1.251  1.251  1.251  1.251  1.251  0  0  0'
'g056',0.0349,21.4672,1.0220,0.0506,2.4355,0.0020,'0  0  0.0052  0.0052  0.0052  0.0052  0.0052  0.0052  0.0052  0  0',504.9241,2.2620,'0.4895  0.4895  0.4895','0  0  0.5916  0.5916  0.5916  0.39640  0  0  0  0  0  0  0  0','0  0  1.155  1.155  1.155  1.155  1.155  1.155  0  0  0'
'g057',0.0326,22.0788,0.9514,0.0486,2.6597,0.0020,'0  0  0.006  0.006  0.006  0.006  0.006  0.006  0.006  0  0',506.5081,1.9507,'0.5069  0.5069  0.5069','0  0  0.6091  0.6091  0.6091  0.40810  0  0  0  0  0  0  0  0','0  0  1.178  1.178  1.178  1.178  1.178  1.178  0  0  0'
'g058',0.0327,21.0407,0.9579,0.0475,2.1112,0.0023,'0  0  0.005  0.005  0.005  0.005  0.005  0.005  0.005  0  0',489.4367,1.8779,'0.5112  0.5112  0.5112','0  0  0.5562  0.5562  0.5562  0.37270  0  0  0  0  0  0  0  0','0  0  1.256  1.256  1.256  1.256  1.256  1.256  0  0  0'
'g059',0.0302,21.0247,0.9629,0.0429,2.2274,0.0020,'0  0  0.0049  0.0049  0.0049  0.0049  0.0049  0.0049  0.0049  0  0',547.4918,1.9062,'0.5009  0.5009  0.5009','0  0  0.5621  0.5621  0.5621  0.37660  0  0  0  0  0  0  0  0','0  0  1.127  1.127  1.127  1.127  1.127  1.127  0  0  0'
'g060',0.0338,21.6503,0.9701,0.0540,2.3380,0.0024,'0  0  0.005  0.005  0.005  0.005  0.005  0.005  0.005  0  0',519.7210,1.7992,'0.493  0.493  0.493','0  0  0.5939  0.5939  0.5939  0.39790  0  0  0  0  0  0  0  0','0  0  1.252  1.252  1.252  1.252  1.252  1.252  0  0  0'
'g061',0.0390,23.2202,0.9919,0.0323,1.8700,0.0019,'0  0  0.0055  0.0055  0.0055  0.0055  0.0055  0.0055  0.0055  0  0',475.5394,1.9476,'0.567  0.567  0.567','0  0  0.6021  0.6021  0.6021  0.40340  0  0  0  0  0  0  0  0','0  0  1.192  1.192  1.192  1.192  1.192  1.192  0  0  0'
'g062',0.0389,23.4919,0.9959,0.0327,2.0014,0.0020,'0  0  0.0053  0.0053  0.0053  0.0053  0.0053  0.0053  0.0053  0  0',471.8401,1.9853,'0.5585  0.5585  0.5585','0  0  0.6001  0.6001  0.6001  0.40210  0  0  0  0  0  0  0  0','0  0  1.166  1.166  1.166  1.166  1.166  1.166  0  0  0'
'g063',0.0389,22.7695,0.9955,0.0365,2.1080,0.0018,'0  0  0.0052  0.0052  0.0052  0.0052  0.0052  0.0052  0.0052  0  0',472.1396,1.8616,'0.5372  0.5372  0.5372','0  0  0.5817  0.5817  0.5817  0.38970  0  0  0  0  0  0  0  0','0  0  1.267  1.267  1.267  1.267  1.267  1.267  0  0  0'
'g064',0.0373,23.0374,0.9686,0.0367,2.0235,0.0021,'0  0  0.0055  0.0055  0.0055  0.0055  0.0055  0.0055  0.0055  0  0',490.6726,2.0108,'0.5536  0.5536  0.5536','0  0  0.6002  0.6002  0.6002  0.40210  0  0  0  0  0  0  0  0','0  0  1.291  1.291  1.291  1.291  1.291  1.291  0  0  0'
'g065',0.0317,22.5216,1.0081,0.0462,2.2678,0.0019,'0  0  0.006  0.006  0.006  0.006  0.006  0.006  0.006  0  0',500.3473,1.9234,'0.4617  0.4617  0.4617','0  0  0.6091  0.6091  0.6091  0.40810  0  0  0  0  0  0  0  0','0  0  1.177  1.177  1.177  1.177  1.177  1.177  0  0  0'
'g066',0.0370,22.6489,0.9496,0.0478,2.3443,0.0020,'0  0  0.0053  0.0053  0.0053  0.0053  0.0053  0.0053  0.0053  0  0',496.0642,2.1384,'0.4465  0.4465  0.4465','0  0  0.6272  0.6272  0.6272  0.42020  0  0  0  0  0  0  0  0','0  0  1.219  1.219  1.219  1.219  1.219  1.219  0  0  0'
'g067',0.0364,22.4211,0.9650,0.0395,1.6522,0.0019,'0  0  0.0051  0.0051  0.0051  0.0051  0.0051  0.0051  0.0051  0  0',488.1211,1.9206,'0.5709  0.5709  0.5709','0  0  0.5929  0.5929  0.5929  0.39720  0  0  0  0  0  0  0  0','0  0  1.271  1.271  1.271  1.271  1.271  1.271  0  0  0'
'g068',0.0342,22.8541,0.9967,0.0527,2.5573,0.0022,'0  0  0.0053  0.0053  0.0053  0.0053  0.0053  0.0053  0.0053  0  0',524.9869,2.1740,'0.5498  0.5498  0.5498','0  0  0.6044  0.6044  0.6044  0.40490  0  0  0  0  0  0  0  0','0  0  1.238  1.238  1.238  1.238  1.238  1.238  0  0  0'
'g069',0.0342,22.4619,0.9482,0.0514,2.4882,0.0022,'0  0  0.006  0.006  0.006  0.006  0.006  0.006  0.006  0  0',505.6661,2.2355,'0.4877  0.4877  0.4877','0  0  0.597  0.597  0.597  0.40  0  0  0  0  0  0  0  0','0  0  1.18  1.18  1.18  1.18  1.18  1.18  0  0  0'
'g070',0.0350,20.9369,1.0419,0.0496,1.8950,0.0020,'0  0  0.0054  0.0054  0.0054  0.0054  0.0054  0.0054  0.0054  0  0',500.8191,2.1898,'0.5011  0.5011  0.5011','0  0  0.6168  0.6168  0.6168  0.41330  0  0  0  0  0  0  0  0','0  0  1.29  1.29  1.29  1.29  1.29  1.29  0  0  0'
'g071',0.0372,22.7474,0.9734,0.0437,1.8282,0.0019,'0  0  0.0059  0.0059  0.0059  0.0059  0.0059  0.0059  0.0059  0  0',494.4848,2.0069,'0.5535  0.5535  0.5535','0  0  0.6058  0.6058  0.6058  0.40590  0  0  0  0  0  0  0  0','0  0  1.182  1.182  1.182  1.182  1.182  1.182  0  0  0'
'g072',0.0337,24.4257,0.9354,0.0365,1.8067,0.0018,'0  0  0.0057  0.0057  0.0057  0.0057  0.0057  0.0057  0.0057  0  0',510.4142,1.9486,'0.4683  0.4683  0.4683','0  0  0.61  0.61  0.61  0.40870  0  0  0  0  0  0  0  0','0  0  1.196  1.196  1.196  1.196  1.196  1.196  0  0  0'
'g073',0.0355,22.9406,1.0164,0.0519,2.0772,0.0023,'0  0  0.0053  0.0053  0.0053  0.0053  0.0053  0.0053  0.0053  0  0',497.8230,2.0740,'0.4714  0.4714  0.4714','0  0  0.5902  0.5902  0.5902  0.39540  0  0  0  0  0  0  0  0','0  0  1.22  1.22  1.22  1.22  1.22  1.22  0  0  0'
'g074',0.0330,23.0426,0.9855,0.0421,2.4830,0.0020,'0  0  0.0054  0.0054  0.0054  0.0054  0.0054  0.0054  0.0054  0  0',536.4958,1.9390,'0.5115  0.5115  0.5115','0  0  0.6288  0.6288  0.6288  0.42130  0  0  0  0  0  0  0  0','0  0  1.184  1.184  1.184  1.184  1.184  1.184  0  0  0'
'g075',0.0312,22.7254,0.9957,0.0438,2.6043,0.0019,'0  0  0.0054  0.0054  0.0054  0.0054  0.0054  0.0054  0.0054  0  0',531.2258,1.9166,'0.5102  0.5102  0.5102','0  0  0.6437  0.6437  0.6437  0.43130  0  0  0  0  0  0  0  0','0  0  1.248  1.248  1.248  1.248  1.248  1.248  0  0  0'
'g076',0.0303,23.0071,0.9791,0.0429,2.6912,0.0019,'0  0  0.0054  0.0054  0.0054  0.0054  0.0054  0.0054  0.0054  0  0',532.5105,1.8744,'0.5038  0.5038  0.5038','0  0  0.6256  0.6256  0.6256  0.41920  0  0  0  0  0  0  0  0','0  0  1.253  1.253  1.253  1.253  1.253  1.253  0  0  0'
'g077',0.0353,22.8448,1.0220,0.0430,2.9615,0.0020,'0  0  0.0056  0.0056  0.0056  0.0056  0.0056  0.0056  0.0056  0  0',508.0408,1.9496,'0.549  0.549  0.549','0  0  0.5874  0.5874  0.5874  0.39360  0  0  0  0  0  0  0  0','0  0  1.208  1.208  1.208  1.208  1.208  1.208  0  0  0'
'g078',0.0353,23.6041,1.0029,0.0421,2.5906,0.0018,'0  0  0.0053  0.0053  0.0053  0.0053  0.0053  0.0053  0.0053  0  0',510.8373,1.7790,'0.5018  0.5018  0.5018','0  0  0.5967  0.5967  0.5967  0.39980  0  0  0  0  0  0  0  0','0  0  1.253  1.253  1.253  1.253  1.253  1.253  0  0  0'
'g079',0.0356,22.3841,0.9488,0.0450,1.8852,0.0021,'0  0  0.005  0.005  0.005  0.005  0.005  0.005  0.005  0  0',510.2629,2.3586,'0.5039  0.5039  0.5039','0  0  0.5826  0.5826  0.5826  0.39030  0  0  0  0  0  0  0  0','0  0  1.307  1.307  1.307  1.307  1.307  1.307  0  0  0'
'g080',0.0361,23.1344,0.9610,0.0450,1.9244,0.0022,'0  0  0.0051  0.0051  0.0051  0.0051  0.0051  0.0051  0.0051  0  0',501.2495,2.3279,'0.4986  0.4986  0.4986','0  0  0.5916  0.5916  0.5916  0.39640  0  0  0  0  0  0  0  0','0  0  1.242  1.242  1.242  1.242  1.242  1.242  0  0  0'
'g081',0.0356,23.4442,0.9712,0.0418,1.9513,0.0020,'0  0  0.0052  0.0052  0.0052  0.0052  0.0052  0.0052  0.0052  0  0',536.9571,2.2872,'0.4809  0.4809  0.4809','0  0  0.5897  0.5897  0.5897  0.39510  0  0  0  0  0  0  0  0','0  0  1.226  1.226  1.226  1.226  1.226  1.226  0  0  0'
'g082',0.0361,22.4745,0.9891,0.0428,1.6774,0.0018,'0  0  0.0054  0.0054  0.0054  0.0054  0.0054  0.0054  0.0054  0  0',505.8491,2.1634,'0.4503  0.4503  0.4503','0  0  0.5926  0.5926  0.5926  0.3970  0  0  0  0  0  0  0  0','0  0  1.224  1.224  1.224  1.224  1.224  1.224  0  0  0'
'g083',0.0372,22.3004,0.9585,0.0496,2.3032,0.0024,'0  0  0.0054  0.0054  0.0054  0.0054  0.0054  0.0054  0.0054  0  0',483.6338,1.9488,'0.4711  0.4711  0.4711','0  0  0.6169  0.6169  0.6169  0.41330  0  0  0  0  0  0  0  0','0  0  1.176  1.176  1.176  1.176  1.176  1.176  0  0  0'
'g084',0.0356,21.8318,1.0623,0.0482,2.0899,0.0021,'0  0  0.0054  0.0054  0.0054  0.0054  0.0054  0.0054  0.0054  0  0',515.9889,2.1885,'0.4923  0.4923  0.4923','0  0  0.5958  0.5958  0.5958  0.39920  0  0  0  0  0  0  0  0','0  0  1.145  1.145  1.145  1.145  1.145  1.145  0  0  0'
'g085',0.0398,22.0793,1.0390,0.0431,1.9585,0.0020,'0  0  0.0057  0.0057  0.0057  0.0057  0.0057  0.0057  0.0057  0  0',487.8067,2.1193,'0.4768  0.4768  0.4768','0  0  0.6301  0.6301  0.6301  0.42220  0  0  0  0  0  0  0  0','0  0  1.23  1.23  1.23  1.23  1.23  1.23  0  0  0'
'g086',0.0370,23.4265,1.0255,0.0448,2.6854,0.0019,'0  0  0.0056  0.0056  0.0056  0.0056  0.0056  0.0056  0.0056  0  0',502.0035,1.7639,'0.4641  0.4641  0.4641','0  0  0.6044  0.6044  0.6044  0.40490  0  0  0  0  0  0  0  0','0  0  1.127  1.127  1.127  1.127  1.127  1.127  0  0  0'
'g087',0.0393,23.1993,1.0364,0.0463,2.4134,0.0020,'0  0  0.006  0.006  0.006  0.006  0.006  0.006  0.006  0  0',498.6375,1.9688,'0.4862  0.4862  0.4862','0  0  0.6202  0.6202  0.6202  0.41550  0  0  0  0  0  0  0  0','0  0  1.18  1.18  1.18  1.18  1.18  1.18  0  0  0'
'g088',0.0349,23.7830,1.0241,0.0418,2.5985,0.0020,'0  0  0.0057  0.0057  0.0057  0.0057  0.0057  0.0057  0.0057  0  0',506.2074,1.9523,'0.4839  0.4839  0.4839','0  0  0.605  0.605  0.605  0.40530  0  0  0  0  0  0  0  0','0  0  1.147  1.147  1.147  1.147  1.147  1.147  0  0  0'
'g089',0.0331,22.9872,1.0241,0.0406,2.1981,0.0021,'0  0  0.0053  0.0053  0.0053  0.0053  0.0053  0.0053  0.0053  0  0',494.5827,1.7929,'0.4912  0.4912  0.4912','0  0  0.5958  0.5958  0.5958  0.39920  0  0  0  0  0  0  0  0','0  0  1.247  1.247  1.247  1.247  1.247  1.247  0  0  0'
'g090',0.0342,23.0778,1.0072,0.0417,2.7991,0.0019,'0  0  0.0057  0.0057  0.0057  0.0057  0.0057  0.0057  0.0057  0  0',524.1891,1.7444,'0.4904  0.4904  0.4904','0  0  0.6054  0.6054  0.6054  0.40560  0  0  0  0  0  0  0  0','0  0  1.102  1.102  1.102  1.102  1.102  1.102  0  0  0'
'g091',0.0322,22.6252,1.0535,0.0446,2.8998,0.0021,'0  0  0.0055  0.0055  0.0055  0.0055  0.0055  0.0055  0.0055  0  0',507.7252,1.7257,'0.4748  0.4748  0.4748','0  0  0.5799  0.5799  0.5799  0.38850  0  0  0  0  0  0  0  0','0  0  1.181  1.181  1.181  1.181  1.181  1.181  0  0  0'
'g092',0.0378,24.3819,0.9968,0.0370,2.9000,0.0018,'0  0  0.0058  0.0058  0.0058  0.0058  0.0058  0.0058  0.0058  0  0',515.8963,2.0051,'0.4887  0.4887  0.4887','0  0  0.5837  0.5837  0.5837  0.39110  0  0  0  0  0  0  0  0','0  0  1.163  1.163  1.163  1.163  1.163  1.163  0  0  0'
'g093',0.0354,23.1578,1.0360,0.0392,2.3446,0.0019,'0  0  0.0058  0.0058  0.0058  0.0058  0.0058  0.0058  0.0058  0  0',521.5429,2.1691,'0.5279  0.5279  0.5279','0  0  0.6004  0.6004  0.6004  0.40230  0  0  0  0  0  0  0  0','0  0  1.218  1.218  1.218  1.218  1.218  1.218  0  0  0'
'g094',0.0347,23.7947,1.0351,0.0451,2.6212,0.0019,'0  0  0.006  0.006  0.006  0.006  0.006  0.006  0.006  0  0',491.5636,1.8496,'0.507  0.507  0.507','0  0  0.5925  0.5925  0.5925  0.3970  0  0  0  0  0  0  0  0','0  0  1.098  1.098  1.098  1.098  1.098  1.098  0  0  0'
'g095',0.0362,23.0376,1.0271,0.0423,2.7338,0.0018,'0  0  0.0056  0.0056  0.0056  0.0056  0.0056  0.0056  0.0056  0  0',510.7132,1.7449,'0.5071  0.5071  0.5071','0  0  0.5948  0.5948  0.5948  0.39850  0  0  0  0  0  0  0  0','0  0  1.232  1.232  1.232  1.232  1.232  1.232  0  0  0'
'g096',0.0372,22.8414,1.0618,0.0485,2.6082,0.0019,'0  0  0.0058  0.0058  0.0058  0.0058  0.0058  0.0058  0.0058  0  0',505.7659,1.8865,'0.471  0.471  0.471','0  0  0.6043  0.6043  0.6043  0.40490  0  0  0  0  0  0  0  0','0  0  1.174  1.174  1.174  1.174  1.174  1.174  0  0  0'
'g097',0.0388,21.9912,1.0179,0.0469,1.8320,0.0022,'0  0  0.0051  0.0051  0.0051  0.0051  0.0051  0.0051  0.0051  0  0',518.9963,2.1122,'0.5092  0.5092  0.5092','0  0  0.6152  0.6152  0.6152  0.41220  0  0  0  0  0  0  0  0','0  0  1.271  1.271  1.271  1.271  1.271  1.271  0  0  0'
'g098',0.0372,21.8617,1.0302,0.0441,2.4239,0.0021,'0  0  0.0058  0.0058  0.0058  0.0058  0.0058  0.0058  0.0058  0  0',496.5597,1.7212,'0.54  0.54  0.54','0  0  0.5685  0.5685  0.5685  0.38090  0  0  0  0  0  0  0  0','0  0  1.242  1.242  1.242  1.242  1.242  1.242  0  0  0'
'g099',0.0373,23.1002,0.9978,0.0384,2.3763,0.0022,'0  0  0.0052  0.0052  0.0052  0.0052  0.0052  0.0052  0.0052  0  0',491.5281,2.0818,'0.5005  0.5005  0.5005','0  0  0.5979  0.5979  0.5979  0.40060  0  0  0  0  0  0  0  0','0  0  1.321  1.321  1.321  1.321  1.321  1.321  0  0  0'
'g100',0.0311,22.7488,1.0283,0.0420,2.1119,0.0021,'0  0  0.0056  0.0056  0.0056  0.0056  0.0056  0.0056  0.0056  0  0',493.4217,1.7639,'0.5148  0.5148  0.5148','0  0  0.6042  0.6042  0.6042  0.40480  0  0  0  0  0  0  0  0','0  0  1.247  1.247  1.247  1.247  1.247  1.247  0  0  0'
'g101',0.0299,22.5790,1.0033,0.0487,2.4793,0.0023,'0  0  0.0055  0.0055  0.0055  0.0055  0.0055  0.0055  0.0055  0  0',527.3255,2.0313,'0.4984  0.4984  0.4984','0  0  0.5883  0.5883  0.5883  0.39420  0  0  0  0  0  0  0  0','0  0  1.25  1.25  1.25  1.25  1.25  1.25  0  0  0'
'g102',0.0315,21.3642,0.9603,0.0493,2.4840,0.0020,'0  0  0.0052  0.0052  0.0052  0.0052  0.0052  0.0052  0.0052  0  0',554.6843,1.9435,'0.4875  0.4875  0.4875','0  0  0.5965  0.5965  0.5965  0.39970  0  0  0  0  0  0  0  0','0  0  1.286  1.286  1.286  1.286  1.286  1.286  0  0  0'
'g103',0.0391,22.5905,1.0012,0.0454,2.2341,0.0022,'0  0  0.0056  0.0056  0.0056  0.0056  0.0056  0.0056  0.0056  0  0',533.2734,2.2357,'0.4984  0.4984  0.4984','0  0  0.5893  0.5893  0.5893  0.39480  0  0  0  0  0  0  0  0','0  0  1.16  1.16  1.16  1.16  1.16  1.16  0  0  0'
'g104',0.0335,22.1924,0.9943,0.0457,2.2886,0.0019,'0  0  0.0058  0.0058  0.0058  0.0058  0.0058  0.0058  0.0058  0  0',502.8368,1.8947,'0.4819  0.4819  0.4819','0  0  0.6108  0.6108  0.6108  0.40920  0  0  0  0  0  0  0  0','0  0  1.209  1.209  1.209  1.209  1.209  1.209  0  0  0'
'g105',0.0342,21.6342,1.0348,0.0514,1.7464,0.0025,'0  0  0.0052  0.0052  0.0052  0.0052  0.0052  0.0052  0.0052  0  0',525.3596,2.0820,'0.4433  0.4433  0.4433','0  0  0.5867  0.5867  0.5867  0.39310  0  0  0  0  0  0  0  0','0  0  1.173  1.173  1.173  1.173  1.173  1.173  0  0  0'
'g106',0.0387,22.0918,0.9890,0.0437,2.3784,0.0019,'0  0  0.006  0.006  0.006  0.006  0.006  0.006  0.006  0  0',464.9265,2.0915,'0.5091  0.5091  0.5091','0  0  0.6181  0.6181  0.6181  0.41410  0  0  0  0  0  0  0  0','0  0  1.174  1.174  1.174  1.174  1.174  1.174  0  0  0'
'g107',0.0342,22.5591,1.0471,0.0421,2.0245,0.0021,'0  0  0.0058  0.0058  0.0058  0.0058  0.0058  0.0058  0.0058  0  0',475.3053,1.7744,'0.5232  0.5232  0.5232','0  0  0.6187  0.6187  0.6187  0.41450  0  0  0  0  0  0  0  0','0  0  1.179  1.179  1.179  1.179  1.179  1.179  0  0  0'
'g108',0.0353,22.6625,0.9729,0.0445,1.9729,0.0021,'0  0  0.005  0.005  0.005  0.005  0.005  0.005  0.005  0  0',497.2189,1.8453,'0.4662  0.4662  0.4662','0  0  0.6041  0.6041  0.6041  0.40470  0  0  0  0  0  0  0  0','0  0  1.344  1.344  1.344  1.344  1.344  1.344  0  0  0'
'g109',0.0346,22.9855,0.9817,0.0467,2.7233,0.0021,'0  0  0.0056  0.0056  0.0056  0.0056  0.0056  0.0056  0.0056  0  0',514.9116,1.9036,'0.5057  0.5057  0.5057','0  0  0.6178  0.6178  0.6178  0.41390  0  0  0  0  0  0  0  0','0  0  1.174  1.174  1.174  1.174  1.174  1.174  0  0  0'
'g110',0.0373,23.4525,0.9935,0.0342,1.8900,0.0019,'0  0  0.0055  0.0055  0.0055  0.0055  0.0055  0.0055  0.0055  0  0',494.9310,2.0406,'0.5474  0.5474  0.5474','0  0  0.5957  0.5957  0.5957  0.39910  0  0  0  0  0  0  0  0','0  0  1.184  1.184  1.184  1.184  1.184  1.184  0  0  0'
'g111',0.0353,23.6903,0.9938,0.0451,2.3583,0.0022,'0  0  0.0052  0.0052  0.0052  0.0052  0.0052  0.0052  0.0052  0  0',508.0335,1.8716,'0.4931  0.4931  0.4931','0  0  0.6129  0.6129  0.6129  0.41060  0  0  0  0  0  0  0  0','0  0  1.212  1.212  1.212  1.212  1.212  1.212  0  0  0'
'g112',0.0375,22.7596,0.9687,0.0402,2.0277,0.0020,'0  0  0.0054  0.0054  0.0054  0.0054  0.0054  0.0054  0.0054  0  0',513.3241,2.1390,'0.5079  0.5079  0.5079','0  0  0.6014  0.6014  0.6014  0.40290  0  0  0  0  0  0  0  0','0  0  1.236  1.236  1.236  1.236  1.236  1.236  0  0  0'
'g113',0.0339,22.3678,1.0512,0.0425,1.8786,0.0021,'0  0  0.0052  0.0052  0.0052  0.0052  0.0052  0.0052  0.0052  0  0',506.2617,1.8141,'0.4595  0.4595  0.4595','0  0  0.5746  0.5746  0.5746  0.3850  0  0  0  0  0  0  0  0','0  0  1.188  1.188  1.188  1.188  1.188  1.188  0  0  0'
'g114',0.0383,22.7544,1.0026,0.0408,2.2582,0.0019,'0  0  0.0053  0.0053  0.0053  0.0053  0.0053  0.0053  0.0053  0  0',508.9317,2.1639,'0.5  0.5  0.5','0  0  0.6157  0.6157  0.6157  0.41250  0  0  0  0  0  0  0  0','0  0  1.198  1.198  1.198  1.198  1.198  1.198  0  0  0'
'g115',0.0329,22.5621,1.0124,0.0421,2.1218,0.0021,'0  0  0.0054  0.0054  0.0054  0.0054  0.0054  0.0054  0.0054  0  0',500.1074,1.7969,'0.4907  0.4907  0.4907','0  0  0.5929  0.5929  0.5929  0.39720  0  0  0  0  0  0  0  0','0  0  1.198  1.198  1.198  1.198  1.198  1.198  0  0  0'
'g116',0.0362,21.8521,1.0044,0.0516,2.4996,0.0023,'0  0  0.005  0.005  0.005  0.005  0.005  0.005  0.005  0  0',494.9586,2.1487,'0.535  0.535  0.535','0  0  0.5634  0.5634  0.5634  0.37750  0  0  0  0  0  0  0  0','0  0  1.301  1.301  1.301  1.301  1.301  1.301  0  0  0'
'g117',0.0363,22.5492,1.0331,0.0405,2.0196,0.0022,'0  0  0.0052  0.0052  0.0052  0.0052  0.0052  0.0052  0.0052  0  0',511.8928,1.8387,'0.4818  0.4818  0.4818','0  0  0.5988  0.5988  0.5988  0.40120  0  0  0  0  0  0  0  0','0  0  1.198  1.198  1.198  1.198  1.198  1.198  0  0  0'
'g118',0.0347,22.3680,0.9869,0.0480,2.0938,0.0022,'0  0  0.0046  0.0046  0.0046  0.0046  0.0046  0.0046  0.0046  0  0',520.1478,1.9407,'0.4629  0.4629  0.4629','0  0  0.5888  0.5888  0.5888  0.39450  0  0  0  0  0  0  0  0','0  0  1.304  1.304  1.304  1.304  1.304  1.304  0  0  0'
'g119',0.0382,23.7838,1.0402,0.0357,2.1276,0.0020,'0  0  0.0056  0.0056  0.0056  0.0056  0.0056  0.0056  0.0056  0  0',487.0312,1.8670,'0.5222  0.5222  0.5222','0  0  0.6027  0.6027  0.6027  0.40380  0  0  0  0  0  0  0  0','0  0  1.208  1.208  1.208  1.208  1.208  1.208  0  0  0'
'g120',0.0365,22.1754,0.9469,0.0508,2.4637,0.0022,'0  0  0.0063  0.0063  0.0063  0.0063  0.0063  0.0063  0.0063  0  0',518.5403,2.1779,'0.4994  0.4994  0.4994','0  0  0.5931  0.5931  0.5931  0.39740  0  0  0  0  0  0  0  0','0  0  1.138  1.138  1.138  1.138  1.138  1.138  0  0  0'
'g121',0.0383,23.0285,0.9754,0.0351,2.2079,0.0019,'0  0  0.0058  0.0058  0.0058  0.0058  0.0058  0.0058  0.0058  0  0',497.1165,2.0699,'0.5258  0.5258  0.5258','0  0  0.588  0.588  0.588  0.3940  0  0  0  0  0  0  0  0','0  0  1.022  1.022  1.022  1.022  1.022  1.022  0  0  0'
'g122',0.0339,22.1582,1.0281,0.0415,2.4485,0.0022,'0  0  0.0054  0.0054  0.0054  0.0054  0.0054  0.0054  0.0054  0  0',505.3307,2.0338,'0.4911  0.4911  0.4911','0  0  0.5841  0.5841  0.5841  0.39130  0  0  0  0  0  0  0  0','0  0  1.227  1.227  1.227  1.227  1.227  1.227  0  0  0'
'g123',0.0364,23.1469,0.9679,0.0450,2.2629,0.0019,'0  0  0.0061  0.0061  0.0061  0.0061  0.0061  0.0061  0.0061  0  0',508.6840,1.9703,'0.5082  0.5082  0.5082','0  0  0.6134  0.6134  0.6134  0.4110  0  0  0  0  0  0  0  0','0  0  1.212  1.212  1.212  1.212  1.212  1.212  0  0  0'
'g124',0.0357,22.7387,1.0422,0.0385,1.9996,0.0023,'0  0  0.0052  0.0052  0.0052  0.0052  0.0052  0.0052  0.0052  0  0',510.9823,1.9309,'0.4744  0.4744  0.4744','0  0  0.6085  0.6085  0.6085  0.40770  0  0  0  0  0  0  0  0','0  0  1.196  1.196  1.196  1.196  1.196  1.196  0  0  0'
'g125',0.0365,23.4891,0.9994,0.0435,2.6026,0.0019,'0  0  0.0056  0.0056  0.0056  0.0056  0.0056  0.0056  0.0056  0  0',518.8405,1.9095,'0.5088  0.5088  0.5088','0  0  0.5961  0.5961  0.5961  0.39940  0  0  0  0  0  0  0  0','0  0  1.129  1.129  1.129  1.129  1.129  1.129  0  0  0'
'g126',0.0375,24.6520,0.9620,0.0424,2.3279,0.0019,'0  0  0.0059  0.0059  0.0059  0.0059  0.0059  0.0059  0.0059  0  0',512.4653,2.3630,'0.506  0.506  0.506','0  0  0.6239  0.6239  0.6239  0.4180  0  0  0  0  0  0  0  0','0  0  1.159  1.159  1.159  1.159  1.159  1.159  0  0  0'
'g127',0.0358,22.1891,1.0508,0.0377,2.3115,0.0017,'0  0  0.0051  0.0051  0.0051  0.0051  0.0051  0.0051  0.0051  0  0',486.5269,2.2782,'0.5002  0.5002  0.5002','0  0  0.6108  0.6108  0.6108  0.40920  0  0  0  0  0  0  0  0','0  0  1.252  1.252  1.252  1.252  1.252  1.252  0  0  0'
'g128',0.0289,21.2573,0.9728,0.0459,2.2781,0.0020,'0  0  0.0054  0.0054  0.0054  0.0054  0.0054  0.0054  0.0054  0  0',536.4140,1.6569,'0.4813  0.4813  0.4813','0  0  0.5946  0.5946  0.5946  0.39840  0  0  0  0  0  0  0  0','0  0  1.284  1.284  1.284  1.284  1.284  1.284  0  0  0'
'g129',0.0346,22.3954,0.9898,0.0494,2.1750,0.0021,'0  0  0.0053  0.0053  0.0053  0.0053  0.0053  0.0053  0.0053  0  0',521.2647,1.8658,'0.4936  0.4936  0.4936','0  0  0.6048  0.6048  0.6048  0.40520  0  0  0  0  0  0  0  0','0  0  1.196  1.196  1.196  1.196  1.196  1.196  0  0  0'
'g130',0.0328,22.5033,0.9630,0.0455,2.1451,0.0021,'0  0  0.0052  0.0052  0.0052  0.0052  0.0052  0.0052  0.0052  0  0',528.9729,1.8588,'0.4877  0.4877  0.4877','0  0  0.5894  0.5894  0.5894  0.39490  0  0  0  0  0  0  0  0','0  0  1.205  1.205  1.205  1.205  1.205  1.205  0  0  0'
'g131',0.0329,22.5864,1.0054,0.0441,2.3078,0.0022,'0  0  0.0054  0.0054  0.0054  0.0054  0.0054  0.0054  0.0054  0  0',494.1882,1.6728,'0.4642  0.4642  0.4642','0  0  0.6016  0.6016  0.6016  0.40310  0  0  0  0  0  0  0  0','0  0  1.179  1.179  1.179  1.179  1.179  1.179  0  0  0'
'g132',0.0348,21.1879,1.0197,0.0451,2.6136,0.0020,'0  0  0.0052  0.0052  0.0052  0.0052  0.0052  0.0052  0.0052  0  0',489.0824,2.0579,'0.4956  0.4956  0.4956','0  0  0.5757  0.5757  0.5757  0.38570  0  0  0  0  0  0  0  0','0  0  1.303  1.303  1.303  1.303  1.303  1.303  0  0  0'
'g133',0.0354,23.8726,1.0279,0.0406,2.6171,0.0020,'0  0  0.0054  0.0054  0.0054  0.0054  0.0054  0.0054  0.0054  0  0',507.8935,1.8563,'0.4799  0.4799  0.4799','0  0  0.6158  0.6158  0.6158  0.41260  0  0  0  0  0  0  0  0','0  0  1.16  1.16  1.16  1.16  1.16  1.16  0  0  0'
'g134',0.0329,21.7213,1.0215,0.0465,2.3304,0.0019,'0  0  0.0054  0.0054  0.0054  0.0054  0.0054  0.0054  0.0054  0  0',521.2330,2.0016,'0.4543  0.4543  0.4543','0  0  0.5558  0.5558  0.5558  0.37240  0  0  0  0  0  0  0  0','0  0  1.313  1.313  1.313  1.313  1.313  1.313  0  0  0'
'g135',0.0368,22.4454,1.0472,0.0401,2.2044,0.0020,'0  0  0.0058  0.0058  0.0058  0.0058  0.0058  0.0058  0.0058  0  0',508.7724,2.0545,'0.5007  0.5007  0.5007','0  0  0.5563  0.5563  0.5563  0.37270  0  0  0  0  0  0  0  0','0  0  1.33  1.33  1.33  1.33  1.33  1.33  0  0  0'
'g136',0.0402,23.7461,1.0050,0.0386,2.1289,0.0019,'0  0  0.0058  0.0058  0.0058  0.0058  0.0058  0.0058  0.0058  0  0',481.8428,1.7853,'0.5102  0.5102  0.5102','0  0  0.605  0.605  0.605  0.40530  0  0  0  0  0  0  0  0','0  0  1.212  1.212  1.212  1.212  1.212  1.212  0  0  0'
'g137',0.0394,23.0549,1.0259,0.0375,2.1591,0.0019,'0  0  0.0059  0.0059  0.0059  0.0059  0.0059  0.0059  0.0059  0  0',501.9366,1.8456,'0.5024  0.5024  0.5024','0  0  0.5972  0.5972  0.5972  0.40010  0  0  0  0  0  0  0  0','0  0  1.193  1.193  1.193  1.193  1.193  1.193  0  0  0'
'g138',0.0355,22.4580,0.9875,0.0393,2.1427,0.0019,'0  0  0.0056  0.0056  0.0056  0.0056  0.0056  0.0056  0.0056  0  0',499.1212,2.3180,'0.4356  0.4356  0.4356','0  0  0.634  0.634  0.634  0.42480  0  0  0  0  0  0  0  0','0  0  1.129  1.129  1.129  1.129  1.129  1.129  0  0  0'
'g139',0.0364,22.1315,1.0148,0.0381,2.2316,0.0019,'0  0  0.0054  0.0054  0.0054  0.0054  0.0054  0.0054  0.0054  0  0',498.8893,2.2064,'0.4487  0.4487  0.4487','0  0  0.6148  0.6148  0.6148  0.41190  0  0  0  0  0  0  0  0','0  0  1.134  1.134  1.134  1.134  1.134  1.134  0  0  0'
'g140',0.0365,21.9705,0.9589,0.0527,2.4863,0.0022,'0  0  0.0061  0.0061  0.0061  0.0061  0.0061  0.0061  0.0061  0  0',522.7771,2.1831,'0.5053  0.5053  0.5053','0  0  0.6003  0.6003  0.6003  0.40220  0  0  0  0  0  0  0  0','0  0  1.252  1.252  1.252  1.252  1.252  1.252  0  0  0'
'g141',0.0360,22.3062,0.9273,0.0508,2.4989,0.0022,'0  0  0.006  0.006  0.006  0.006  0.006  0.006  0.006  0  0',495.9268,2.1349,'0.4739  0.4739  0.4739','0  0  0.6119  0.6119  0.6119  0.410  0  0  0  0  0  0  0  0','0  0  1.161  1.161  1.161  1.161  1.161  1.161  0  0  0'
'g142',0.0342,23.5392,1.0189,0.0419,2.2285,0.0018,'0  0  0.0057  0.0057  0.0057  0.0057  0.0057  0.0057  0.0057  0  0',500.3691,2.0012,'0.4277  0.4277  0.4277','0  0  0.5933  0.5933  0.5933  0.39750  0  0  0  0  0  0  0  0','0  0  1.139  1.139  1.139  1.139  1.139  1.139  0  0  0'
'g143',0.0321,20.4328,0.9758,0.0505,2.0637,0.0020,'0  0  0.0048  0.0048  0.0048  0.0048  0.0048  0.0048  0.0048  0  0',503.8188,2.1752,'0.5128  0.5128  0.5128','0  0  0.6046  0.6046  0.6046  0.40510  0  0  0  0  0  0  0  0','0  0  1.138  1.138  1.138  1.138  1.138  1.138  0  0  0'
'g144',0.0347,22.8628,0.9986,0.0434,2.3855,0.0018,'0  0  0.0057  0.0057  0.0057  0.0057  0.0057  0.0057  0.0057  0  0',492.2514,1.8178,'0.5343  0.5343  0.5343','0  0  0.6102  0.6102  0.6102  0.40880  0  0  0  0  0  0  0  0','0  0  1.193  1.193  1.193  1.193  1.193  1.193  0  0  0'
'g145',0.0356,22.7254,1.0000,0.0360,2.0862,0.0022,'0  0  0.0053  0.0053  0.0053  0.0053  0.0053  0.0053  0.0053  0  0',497.0783,1.9153,'0.5109  0.5109  0.5109','0  0  0.6101  0.6101  0.6101  0.40880  0  0  0  0  0  0  0  0','0  0  1.2  1.2  1.2  1.2  1.2  1.2  0  0  0'
'g146',0.0323,22.0909,0.9523,0.0518,2.0511,0.0023,'0  0  0.0058  0.0058  0.0058  0.0058  0.0058  0.0058  0.0058  0  0',514.9715,2.1629,'0.4975  0.4975  0.4975','0  0  0.5838  0.5838  0.5838  0.39110  0  0  0  0  0  0  0  0','0  0  1.223  1.223  1.223  1.223  1.223  1.223  0  0  0'
'g147',0.0318,21.0593,1.0017,0.0519,2.4126,0.0023,'0  0  0.0049  0.0049  0.0049  0.0049  0.0049  0.0049  0.0049  0  0',525.7910,2.1204,'0.4858  0.4858  0.4858','0  0  0.5688  0.5688  0.5688  0.38110  0  0  0  0  0  0  0  0','0  0  1.319  1.319  1.319  1.319  1.319  1.319  0  0  0'
'g148',0.0359,20.8830,0.9725,0.0447,2.2931,0.0020,'0  0  0.0055  0.0055  0.0055  0.0055  0.0055  0.0055  0.0055  0  0',467.2826,1.9984,'0.5134  0.5134  0.5134','0  0  0.6328  0.6328  0.6328  0.4240  0  0  0  0  0  0  0  0','0  0  1.139  1.139  1.139  1.139  1.139  1.139  0  0  0'
'g149',0.0335,23.1540,0.9991,0.0376,2.0659,0.0019,'0  0  0.0061  0.0061  0.0061  0.0061  0.0061  0.0061  0.0061  0  0',475.1495,2.0517,'0.5285  0.5285  0.5285','0  0  0.6392  0.6392  0.6392  0.42830  0  0  0  0  0  0  0  0','0  0  1.049  1.049  1.049  1.049  1.049  1.049  0  0  0'
'g150',0.0296,21.3253,0.9804,0.0511,2.4730,0.0022,'0  0  0.005  0.005  0.005  0.005  0.005  0.005  0.005  0  0',525.7563,1.9425,'0.4866  0.4866  0.4866','0  0  0.5726  0.5726  0.5726  0.38360  0  0  0  0  0  0  0  0','0  0  1.337  1.337  1.337  1.337  1.337  1.337  0  0  0'
'g151',0.0346,22.7227,1.0333,0.0496,2.1556,0.0024,'0  0  0.0051  0.0051  0.0051  0.0051  0.0051  0.0051  0.0051  0  0',506.6178,2.0614,'0.5008  0.5008  0.5008','0  0  0.6166  0.6166  0.6166  0.41310  0  0  0  0  0  0  0  0','0  0  1.359  1.359  1.359  1.359  1.359  1.359  0  0  0'
'g152',0.0372,22.7296,1.0182,0.0461,2.2389,0.0022,'0  0  0.0052  0.0052  0.0052  0.0052  0.0052  0.0052  0.0052  0  0',506.4959,2.0910,'0.5243  0.5243  0.5243','0  0  0.6213  0.6213  0.6213  0.41630  0  0  0  0  0  0  0  0','0  0  1.297  1.297  1.297  1.297  1.297  1.297  0  0  0'
'g153',0.0348,22.7670,1.0345,0.0498,2.1448,0.0024,'0  0  0.0051  0.0051  0.0051  0.0051  0.0051  0.0051  0.0051  0  0',504.5842,2.0907,'0.5086  0.5086  0.5086','0  0  0.6205  0.6205  0.6205  0.41570  0  0  0  0  0  0  0  0','0  0  1.362  1.362  1.362  1.362  1.362  1.362  0  0  0'
'g154',0.0365,22.7164,1.0541,0.0485,2.1122,0.0023,'0  0  0.0052  0.0052  0.0052  0.0052  0.0052  0.0052  0.0052  0  0',513.8194,2.0070,'0.5544  0.5544  0.5544','0  0  0.6083  0.6083  0.6083  0.40760  0  0  0  0  0  0  0  0','0  0  1.35  1.35  1.35  1.35  1.35  1.35  0  0  0'
'g155',0.0337,22.7593,1.0155,0.0445,2.1442,0.0023,'0  0  0.0054  0.0054  0.0054  0.0054  0.0054  0.0054  0.0054  0  0',495.5562,1.9006,'0.5205  0.5205  0.5205','0  0  0.5917  0.5917  0.5917  0.39640  0  0  0  0  0  0  0  0','0  0  1.311  1.311  1.311  1.311  1.311  1.311  0  0  0'
'g156',0.0333,23.3738,0.9631,0.0434,2.3852,0.0021,'0  0  0.006  0.006  0.006  0.006  0.006  0.006  0.006  0  0',496.6070,2.0138,'0.5498  0.5498  0.5498','0  0  0.5954  0.5954  0.5954  0.39890  0  0  0  0  0  0  0  0','0  0  1.124  1.124  1.124  1.124  1.124  1.124  0  0  0'
'g157',0.0334,23.2142,0.9972,0.0456,2.3277,0.0019,'0  0  0.0058  0.0058  0.0058  0.0058  0.0058  0.0058  0.0058  0  0',489.9688,2.3527,'0.4741  0.4741  0.4741','0  0  0.5969  0.5969  0.5969  0.39990  0  0  0  0  0  0  0  0','0  0  1.213  1.213  1.213  1.213  1.213  1.213  0  0  0'
'g158',0.0350,22.8735,0.9625,0.0509,2.2575,0.0023,'0  0  0.006  0.006  0.006  0.006  0.006  0.006  0.006  0  0',488.4686,2.2361,'0.491  0.491  0.491','0  0  0.5867  0.5867  0.5867  0.39310  0  0  0  0  0  0  0  0','0  0  1.187  1.187  1.187  1.187  1.187  1.187  0  0  0'
'g159',0.0333,23.0979,0.9740,0.0518,2.3679,0.0023,'0  0  0.0058  0.0058  0.0058  0.0058  0.0058  0.0058  0.0058  0  0',506.5066,2.0813,'0.5032  0.5032  0.5032','0  0  0.6043  0.6043  0.6043  0.40490  0  0  0  0  0  0  0  0','0  0  1.198  1.198  1.198  1.198  1.198  1.198  0  0  0'
'g160',0.0332,23.1891,0.9878,0.0482,2.2102,0.0020,'0  0  0.0059  0.0059  0.0059  0.0059  0.0059  0.0059  0.0059  0  0',489.2608,2.1021,'0.5019  0.5019  0.5019','0  0  0.6102  0.6102  0.6102  0.40880  0  0  0  0  0  0  0  0','0  0  1.216  1.216  1.216  1.216  1.216  1.216  0  0  0'
'g161',0.0395,22.8705,0.9815,0.0477,2.1805,0.0022,'0  0  0.0059  0.0059  0.0059  0.0059  0.0059  0.0059  0.0059  0  0',489.6347,1.9090,'0.5238  0.5238  0.5238','0  0  0.5895  0.5895  0.5895  0.3950  0  0  0  0  0  0  0  0','0  0  1.181  1.181  1.181  1.181  1.181  1.181  0  0  0'
'g162',0.0362,21.9619,1.0555,0.0432,2.0824,0.0023,'0  0  0.0055  0.0055  0.0055  0.0055  0.0055  0.0055  0.0055  0  0',504.1613,1.8228,'0.519  0.519  0.519','0  0  0.5799  0.5799  0.5799  0.38850  0  0  0  0  0  0  0  0','0  0  1.21  1.21  1.21  1.21  1.21  1.21  0  0  0'
'g163',0.0338,22.3655,1.0511,0.0432,2.1440,0.0021,'0  0  0.0057  0.0057  0.0057  0.0057  0.0057  0.0057  0.0057  0  0',478.7289,1.8703,'0.5304  0.5304  0.5304','0  0  0.5948  0.5948  0.5948  0.39850  0  0  0  0  0  0  0  0','0  0  1.185  1.185  1.185  1.185  1.185  1.185  0  0  0'
'g164',0.0389,21.9617,0.9963,0.0464,1.9329,0.0022,'0  0  0.0055  0.0055  0.0055  0.0055  0.0055  0.0055  0.0055  0  0',538.3959,1.8042,'0.4211  0.4211  0.4211','0  0  0.6171  0.6171  0.6171  0.41350  0  0  0  0  0  0  0  0','0  0  1.177  1.177  1.177  1.177  1.177  1.177  0  0  0'
'g165',0.0392,20.5081,1.0455,0.0474,2.1240,0.0022,'0  0  0.005  0.005  0.005  0.005  0.005  0.005  0.005  0  0',488.9764,2.1535,'0.5646  0.5646  0.5646','0  0  0.5787  0.5787  0.5787  0.38770  0  0  0  0  0  0  0  0','0  0  1.327  1.327  1.327  1.327  1.327  1.327  0  0  0'
'g166',0.0337,22.1232,1.0747,0.0448,2.1499,0.0022,'0  0  0.0055  0.0055  0.0055  0.0055  0.0055  0.0055  0.0055  0  0',486.9703,1.9734,'0.4698  0.4698  0.4698','0  0  0.5889  0.5889  0.5889  0.39460  0  0  0  0  0  0  0  0','0  0  1.205  1.205  1.205  1.205  1.205  1.205  0  0  0'
'g167',0.0345,22.8521,0.9997,0.0433,2.3785,0.0018,'0  0  0.0057  0.0057  0.0057  0.0057  0.0057  0.0057  0.0057  0  0',504.2105,1.8211,'0.5464  0.5464  0.5464','0  0  0.6133  0.6133  0.6133  0.41090  0  0  0  0  0  0  0  0','0  0  1.199  1.199  1.199  1.199  1.199  1.199  0  0  0'
'g168',0.0356,22.9877,0.9704,0.0381,2.0993,0.0020,'0  0  0.0055  0.0055  0.0055  0.0055  0.0055  0.0055  0.0055  0  0',520.1985,2.0441,'0.5208  0.5208  0.5208','0  0  0.5865  0.5865  0.5865  0.3930  0  0  0  0  0  0  0  0','0  0  1.143  1.143  1.143  1.143  1.143  1.143  0  0  0'
'g169',0.0340,22.7321,0.9614,0.0527,2.5201,0.0022,'0  0  0.006  0.006  0.006  0.006  0.006  0.006  0.006  0  0',502.5176,2.1885,'0.4749  0.4749  0.4749','0  0  0.6034  0.6034  0.6034  0.40430  0  0  0  0  0  0  0  0','0  0  1.187  1.187  1.187  1.187  1.187  1.187  0  0  0'
'g170',0.0345,23.1901,1.0007,0.0425,2.3683,0.0018,'0  0  0.0057  0.0057  0.0057  0.0057  0.0057  0.0057  0.0057  0  0',499.0621,1.8132,'0.5276  0.5276  0.5276','0  0  0.6015  0.6015  0.6015  0.4030  0  0  0  0  0  0  0  0','0  0  1.156  1.156  1.156  1.156  1.156  1.156  0  0  0'
'g171',0.0323,23.0674,1.0296,0.0468,2.3551,0.0023,'0  0  0.0059  0.0059  0.0059  0.0059  0.0059  0.0059  0.0059  0  0',507.8839,2.2922,'0.4869  0.4869  0.4869','0  0  0.5913  0.5913  0.5913  0.39620  0  0  0  0  0  0  0  0','0  0  1.135  1.135  1.135  1.135  1.135  1.135  0  0  0'
'g172',0.0384,21.0414,1.0001,0.0482,2.4403,0.0024,'0  0  0.0052  0.0052  0.0052  0.0052  0.0052  0.0052  0.0052  0  0',527.4421,2.1309,'0.4536  0.4536  0.4536','0  0  0.6113  0.6113  0.6113  0.40960  0  0  0  0  0  0  0  0','0  0  1.194  1.194  1.194  1.194  1.194  1.194  0  0  0'
'g173',0.0353,22.7940,1.0482,0.0397,2.0922,0.0021,'0  0  0.0056  0.0056  0.0056  0.0056  0.0056  0.0056  0.0056  0  0',501.3443,1.7936,'0.5083  0.5083  0.5083','0  0  0.6091  0.6091  0.6091  0.40810  0  0  0  0  0  0  0  0','0  0  1.167  1.167  1.167  1.167  1.167  1.167  0  0  0'
'g174',0.0341,20.4909,1.0192,0.0542,2.4296,0.0023,'0  0  0.0046  0.0046  0.0046  0.0046  0.0046  0.0046  0.0046  0  0',498.6030,2.2149,'0.4419  0.4419  0.4419','0  0  0.6081  0.6081  0.6081  0.40740  0  0  0  0  0  0  0  0','0  0  1.295  1.295  1.295  1.295  1.295  1.295  0  0  0'
'g175',0.0305,20.9821,0.9695,0.0507,2.3559,0.0024,'0  0  0.005  0.005  0.005  0.005  0.005  0.005  0.005  0  0',523.9856,2.0053,'0.4935  0.4935  0.4935','0  0  0.5762  0.5762  0.5762  0.38610  0  0  0  0  0  0  0  0','0  0  1.298  1.298  1.298  1.298  1.298  1.298  0  0  0'
'g176',0.0378,23.7568,1.0335,0.0342,2.1891,0.0020,'0  0  0.0056  0.0056  0.0056  0.0056  0.0056  0.0056  0.0056  0  0',487.6892,1.9071,'0.5302  0.5302  0.5302','0  0  0.6039  0.6039  0.6039  0.40460  0  0  0  0  0  0  0  0','0  0  1.212  1.212  1.212  1.212  1.212  1.212  0  0  0'
'g177',0.0333,22.8079,0.9803,0.0531,2.4900,0.0022,'0  0  0.006  0.006  0.006  0.006  0.006  0.006  0.006  0  0',502.1088,2.1300,'0.4628  0.4628  0.4628','0  0  0.6017  0.6017  0.6017  0.40310  0  0  0  0  0  0  0  0','0  0  1.152  1.152  1.152  1.152  1.152  1.152  0  0  0'
'g178',0.0314,21.6194,1.0519,0.0465,2.4495,0.0023,'0  0  0.0048  0.0048  0.0048  0.0048  0.0048  0.0048  0.0048  0  0',496.9181,2.1422,'0.506  0.506  0.506','0  0  0.5775  0.5775  0.5775  0.38690  0  0  0  0  0  0  0  0','0  0  1.369  1.369  1.369  1.369  1.369  1.369  0  0  0'
'g179',0.0341,22.9078,1.0171,0.0521,1.9450,0.0024,'0  0  0.0056  0.0056  0.0056  0.0056  0.0056  0.0056  0.0056  0  0',506.3838,2.0145,'0.4958  0.4958  0.4958','0  0  0.5909  0.5909  0.5909  0.39590  0  0  0  0  0  0  0  0','0  0  1.154  1.154  1.154  1.154  1.154  1.154  0  0  0'
'g180',0.0341,22.9078,1.0171,0.0521,1.9450,0.0024,'0  0  0.0056  0.0056  0.0056  0.0056  0.0056  0.0056  0.0056  0  0',506.3838,2.0145,'0.4958  0.4958  0.4958','0  0  0.5909  0.5909  0.5909  0.39590  0  0  0  0  0  0  0  0','0  0  1.154  1.154  1.154  1.154  1.154  1.154  0  0  0'
'g181',0.0327,22.0911,1.0147,0.0432,1.7436,0.0020,'0  0  0.0056  0.0056  0.0056  0.0056  0.0056  0.0056  0.0056  0  0',521.0994,1.7916,'0.4732  0.4732  0.4732','0  0  0.5831  0.5831  0.5831  0.39070  0  0  0  0  0  0  0  0','0  0  1.115  1.115  1.115  1.115  1.115  1.115  0  0  0'
'g182',0.0319,20.7616,0.9960,0.0491,2.2859,0.0021,'0  0  0.0054  0.0054  0.0054  0.0054  0.0054  0.0054  0.0054  0  0',530.2957,1.6203,'0.5043  0.5043  0.5043','0  0  0.5734  0.5734  0.5734  0.38420  0  0  0  0  0  0  0  0','0  0  1.255  1.255  1.255  1.255  1.255  1.255  0  0  0'
'g183',0.0345,23.0860,1.0131,0.0446,2.2255,0.0022,'0  0  0.0051  0.0051  0.0051  0.0051  0.0051  0.0051  0.0051  0  0',508.6564,2.0998,'0.4919  0.4919  0.4919','0  0  0.5942  0.5942  0.5942  0.39810  0  0  0  0  0  0  0  0','0  0  1.222  1.222  1.222  1.222  1.222  1.222  0  0  0'
'g184',0.0351,21.7744,0.9795,0.0466,2.3593,0.0021,'0  0  0.0058  0.0058  0.0058  0.0058  0.0058  0.0058  0.0058  0  0',498.7605,2.1665,'0.5342  0.5342  0.5342','0  0  0.5885  0.5885  0.5885  0.39430  0  0  0  0  0  0  0  0','0  0  1.146  1.146  1.146  1.146  1.146  1.146  0  0  0'
'g185',0.0340,22.0610,0.9674,0.0491,1.8246,0.0023,'0  0  0.0059  0.0059  0.0059  0.0059  0.0059  0.0059  0.0059  0  0',505.9647,1.9420,'0.5046  0.5046  0.5046','0  0  0.5944  0.5944  0.5944  0.39820  0  0  0  0  0  0  0  0','0  0  1.108  1.108  1.108  1.108  1.108  1.108  0  0  0'
'g186',0.0371,20.8668,1.0051,0.0480,2.2774,0.0023,'0  0  0.0053  0.0053  0.0053  0.0053  0.0053  0.0053  0.0053  0  0',528.4043,2.1821,'0.4662  0.4662  0.4662','0  0  0.6042  0.6042  0.6042  0.40480  0  0  0  0  0  0  0  0','0  0  1.216  1.216  1.216  1.216  1.216  1.216  0  0  0'
'g187',0.0328,22.9669,1.0118,0.0424,2.5358,0.0021,'0  0  0.0051  0.0051  0.0051  0.0051  0.0051  0.0051  0.0051  0  0',516.0924,1.9925,'0.5039  0.5039  0.5039','0  0  0.5816  0.5816  0.5816  0.38970  0  0  0  0  0  0  0  0','0  0  1.266  1.266  1.266  1.266  1.266  1.266  0  0  0'
'g188',0.0349,21.3393,1.0190,0.0541,1.9704,0.0024,'0  0  0.0056  0.0056  0.0056  0.0056  0.0056  0.0056  0.0056  0  0',495.1628,1.8082,'0.5202  0.5202  0.5202','0  0  0.629  0.629  0.629  0.42140  0  0  0  0  0  0  0  0','0  0  1.199  1.199  1.199  1.199  1.199  1.199  0  0  0'
'g189',0.0342,22.3849,0.9950,0.0520,2.2994,0.0023,'0  0  0.0056  0.0056  0.0056  0.0056  0.0056  0.0056  0.0056  0  0',511.7762,1.9682,'0.5056  0.5056  0.5056','0  0  0.6175  0.6175  0.6175  0.41370  0  0  0  0  0  0  0  0','0  0  1.132  1.132  1.132  1.132  1.132  1.132  0  0  0'
'g190',0.0326,21.6130,1.0197,0.0476,2.2821,0.0022,'0  0  0.0052  0.0052  0.0052  0.0052  0.0052  0.0052  0.0052  0  0',473.6087,1.9258,'0.449  0.449  0.449','0  0  0.5954  0.5954  0.5954  0.39890  0  0  0  0  0  0  0  0','0  0  1.262  1.262  1.262  1.262  1.262  1.262  0  0  0'
'g191',0.0342,21.9654,0.9454,0.0508,2.1771,0.0023,'0  0  0.0059  0.0059  0.0059  0.0059  0.0059  0.0059  0.0059  0  0',521.1032,2.0014,'0.5209  0.5209  0.5209','0  0  0.5735  0.5735  0.5735  0.38420  0  0  0  0  0  0  0  0','0  0  1.161  1.161  1.161  1.161  1.161  1.161  0  0  0'
'g192',0.0386,23.5523,1.0245,0.0371,2.1282,0.0021,'0  0  0.0056  0.0056  0.0056  0.0056  0.0056  0.0056  0.0056  0  0',492.7663,1.8831,'0.5612  0.5612  0.5612','0  0  0.6074  0.6074  0.6074  0.4070  0  0  0  0  0  0  0  0','0  0  1.224  1.224  1.224  1.224  1.224  1.224  0  0  0'
'g193',0.0355,22.2326,1.0123,0.0457,2.0477,0.0024,'0  0  0.0051  0.0051  0.0051  0.0051  0.0051  0.0051  0.0051  0  0',476.5476,1.7938,'0.4643  0.4643  0.4643','0  0  0.6213  0.6213  0.6213  0.41630  0  0  0  0  0  0  0  0','0  0  1.225  1.225  1.225  1.225  1.225  1.225  0  0  0'
'g194',0.0386,21.3550,1.0115,0.0496,2.1042,0.0023,'0  0  0.0053  0.0053  0.0053  0.0053  0.0053  0.0053  0.0053  0  0',538.8822,1.9627,'0.4366  0.4366  0.4366','0  0  0.597  0.597  0.597  0.40  0  0  0  0  0  0  0  0','0  0  1.105  1.105  1.105  1.105  1.105  1.105  0  0  0'
'g195',0.0359,23.5298,1.0200,0.0419,2.7409,0.0019,'0  0  0.0056  0.0056  0.0056  0.0056  0.0056  0.0056  0.0056  0  0',513.2702,1.8335,'0.4966  0.4966  0.4966','0  0  0.6  0.6  0.6  0.4020  0  0  0  0  0  0  0  0','0  0  1.196  1.196  1.196  1.196  1.196  1.196  0  0  0'
'g196',0.0355,23.0788,0.9521,0.0423,1.9529,0.0018,'0  0  0.0059  0.0059  0.0059  0.0059  0.0059  0.0059  0.0059  0  0',468.1104,1.9523,'0.5508  0.5508  0.5508','0  0  0.605  0.605  0.605  0.40530  0  0  0  0  0  0  0  0','0  0  1.091  1.091  1.091  1.091  1.091  1.091  0  0  0'
'g197',0.0325,21.6044,0.9513,0.0525,2.3948,0.0024,'0  0  0.0055  0.0055  0.0055  0.0055  0.0055  0.0055  0.0055  0  0',522.8059,1.9271,'0.4743  0.4743  0.4743','0  0  0.5996  0.5996  0.5996  0.40170  0  0  0  0  0  0  0  0','0  0  1.192  1.192  1.192  1.192  1.192  1.192  0  0  0'
'g198',0.0341,22.9078,1.0171,0.0521,1.9450,0.0024,'0  0  0.0056  0.0056  0.0056  0.0056  0.0056  0.0056  0.0056  0  0',506.3838,2.0145,'0.4958  0.4958  0.4958','0  0  0.5909  0.5909  0.5909  0.39590  0  0  0  0  0  0  0  0','0  0  1.154  1.154  1.154  1.154  1.154  1.154  0  0  0'
'g199',0.0347,22.9535,0.9293,0.0438,2.3178,0.0021,'0  0  0.006  0.006  0.006  0.006  0.006  0.006  0.006  0  0',491.4872,1.7166,'0.5088  0.5088  0.5088','0  0  0.6043  0.6043  0.6043  0.40490  0  0  0  0  0  0  0  0','0  0  1.178  1.178  1.178  1.178  1.178  1.178  0  0  0'
